/*******************************************************************************
 * Photo frame UI font, generated from SimSun.woff.
 * Size: 16 px
 * Bpp: 4
 * Glyphs: 280
 ******************************************************************************/

#ifdef LV_LVGL_H_INCLUDE_SIMPLE
    #include "lvgl.h"
#else
    #include "lvgl.h"
#endif

#ifndef LV_FONT_PHOTO_ZH_16
    #define LV_FONT_PHOTO_ZH_16 1
#endif

#if LV_FONT_PHOTO_ZH_16

static LV_ATTRIBUTE_LARGE_CONST const uint8_t glyph_bitmap[] = {
    0x97, 0xb9, 0x98, 0x86, 0x75, 0x64, 0x53, 0x00, 0x00, 0xb9, 0xb9, 0x02,
    0xe2, 0x98, 0x0a, 0xb3, 0xf4, 0x3b, 0x1a, 0x50, 0x71, 0x35, 0x00, 0x00,
    0x80, 0x03, 0x50, 0x00, 0x80, 0x04, 0x40, 0x00, 0x80, 0x05, 0x30, 0x7f,
    0xff, 0xff, 0xf6, 0x00, 0x80, 0x07, 0x10, 0x00, 0x80, 0x08, 0x00, 0x02,
    0x60, 0x08, 0x00, 0x7f, 0xff, 0xff, 0xf6, 0x04, 0x40, 0x08, 0x00, 0x05,
    0x30, 0x08, 0x00, 0x06, 0x20, 0x08, 0x00, 0x00, 0x45, 0x00, 0x07, 0xee,
    0xa0, 0x5b, 0x55, 0xa7, 0x95, 0x45, 0xb6, 0x6b, 0x45, 0x00, 0x0a, 0xe6,
    0x00, 0x00, 0x8e, 0x40, 0x00, 0x48, 0xd2, 0x00, 0x45, 0x69, 0xb6, 0x45,
    0x49, 0xb6, 0x46, 0xb5, 0x2b, 0xee, 0x70, 0x00, 0x45, 0x00, 0x00, 0x45,
    0x00, 0x2d, 0xb0, 0x05, 0x20, 0x94, 0x75, 0x08, 0x00, 0xb0, 0x48, 0x25,
    0x00, 0xc0, 0x48, 0x70, 0x00, 0x94, 0x86, 0x70, 0x00, 0x2d, 0xc6, 0x3c,
    0xb1, 0x00, 0x07, 0x86, 0x76, 0x00, 0x34, 0xa1, 0x39, 0x00, 0x70, 0xb1,
    0x39, 0x01, 0x60, 0x85, 0x76, 0x05, 0x10, 0x1c, 0xc1, 0x01, 0xbe, 0x50,
    0x00, 0x07, 0x72, 0xc0, 0x00, 0x09, 0x30, 0xc0, 0x00, 0x08, 0x54, 0x60,
    0x00, 0x05, 0xc6, 0x00, 0x00, 0x08, 0xe1, 0x7f, 0xf1, 0x65, 0x97, 0x09,
    0x10, 0xb2, 0x2e, 0x17, 0x00, 0xb4, 0x08, 0xb7, 0x00, 0x7b, 0x22, 0xe8,
    0x16, 0x0a, 0xeb, 0x3b, 0xe3, 0x0a, 0xb0, 0x06, 0xf0, 0x01, 0xa0, 0x08,
    0x20, 0x00, 0x07, 0x10, 0x07, 0x40, 0x03, 0x90, 0x00, 0xb2, 0x00, 0x2b,
    0x00, 0x06, 0x80, 0x00, 0x86, 0x00, 0x08, 0x60, 0x00, 0x68, 0x00, 0x02,
    0xb0, 0x00, 0x0b, 0x20, 0x00, 0x39, 0x00, 0x00, 0x74, 0x00, 0x00, 0x71,
    0x26, 0x00, 0x00, 0x56, 0x00, 0x00, 0xa2, 0x00, 0x03, 0xa0, 0x00, 0x0c,
    0x10, 0x00, 0x95, 0x00, 0x07, 0x70, 0x00, 0x77, 0x00, 0x09, 0x50, 0x00,
    0xc1, 0x00, 0x2a, 0x00, 0x0a, 0x20, 0x05, 0x60, 0x02, 0x70, 0x00, 0x00,
    0x07, 0x80, 0x00, 0x12, 0x08, 0x80, 0x30, 0x5f, 0x65, 0x57, 0xf4, 0x02,
    0x88, 0x88, 0x20, 0x02, 0x89, 0x88, 0x20, 0x4f, 0x66, 0x47, 0xf4, 0x12,
    0x09, 0x70, 0x21, 0x00, 0x09, 0x70, 0x00, 0x00, 0x03, 0x60, 0x00, 0x00,
    0x03, 0x60, 0x00, 0x00, 0x03, 0x60, 0x00, 0x00, 0x03, 0x60, 0x00, 0x5f,
    0xff, 0xff, 0xf8, 0x00, 0x03, 0x60, 0x00, 0x00, 0x03, 0x60, 0x00, 0x00,
    0x03, 0x60, 0x00, 0x00, 0x03, 0x60, 0x00, 0x0a, 0xb0, 0x06, 0xf0, 0x01,
    0xa0, 0x08, 0x20, 0x8f, 0xff, 0xff, 0xf7, 0xbb, 0xbb, 0x00, 0x00, 0x00,
    0x53, 0x00, 0x00, 0x00, 0x80, 0x00, 0x00, 0x05, 0x40, 0x00, 0x00, 0x08,
    0x00, 0x00, 0x00, 0x54, 0x00, 0x00, 0x00, 0x80, 0x00, 0x00, 0x05, 0x40,
    0x00, 0x00, 0x08, 0x00, 0x00, 0x00, 0x54, 0x00, 0x00, 0x00, 0x80, 0x00,
    0x00, 0x05, 0x40, 0x00, 0x00, 0x08, 0x00, 0x00, 0x00, 0x44, 0x00, 0x00,
    0x00, 0x00, 0x6e, 0xe6, 0x00, 0x04, 0xe3, 0x2d, 0x40, 0x0b, 0x70, 0x06,
    0xb0, 0x1f, 0x20, 0x03, 0xf0, 0x2f, 0x00, 0x01, 0xf2, 0x3e, 0x00, 0x00,
    0xf3, 0x3f, 0x00, 0x01, 0xf2, 0x1f, 0x20, 0x03, 0xf0, 0x0c, 0x70, 0x07,
    0xb0, 0x05, 0xe2, 0x2d, 0x40, 0x00, 0x6e, 0xe6, 0x00, 0x00, 0x48, 0x00,
    0x3f, 0xf8, 0x00, 0x00, 0x88, 0x00, 0x00, 0x78, 0x00, 0x00, 0x78, 0x00,
    0x00, 0x78, 0x00, 0x00, 0x78, 0x00, 0x00, 0x78, 0x00, 0x00, 0x78, 0x00,
    0x00, 0x9b, 0x10, 0x3f, 0xff, 0xf6, 0x01, 0x8e, 0xe9, 0x10, 0x97, 0x12,
    0xc9, 0x0e, 0x10, 0x04, 0xc0, 0xc5, 0x00, 0x4b, 0x00, 0x00, 0x09, 0x50,
    0x00, 0x04, 0x80, 0x00, 0x03, 0x80, 0x00, 0x03, 0x80, 0x00, 0x01, 0x80,
    0x00, 0x60, 0x91, 0x00, 0x2a, 0x3f, 0xff, 0xff, 0xa0, 0x01, 0xae, 0xd7,
    0x00, 0xb5, 0x13, 0xd6, 0x0b, 0x40, 0x08, 0x70, 0x00, 0x14, 0xb2, 0x00,
    0x0e, 0xe4, 0x00, 0x00, 0x03, 0xc4, 0x00, 0x00, 0x05, 0xc0, 0x00, 0x00,
    0x2e, 0x0c, 0x40, 0x04, 0xd0, 0xd6, 0x13, 0xc6, 0x03, 0xbe, 0xd7, 0x00,
    0x00, 0x00, 0x01, 0x00, 0x00, 0x00, 0x4b, 0x00, 0x00, 0x00, 0xbb, 0x00,
    0x00, 0x07, 0x5b, 0x00, 0x00, 0x26, 0x4b, 0x00, 0x00, 0x80, 0x4b, 0x00,
    0x05, 0x30, 0x4b, 0x00, 0x17, 0x00, 0x4b, 0x00, 0x36, 0x66, 0x8d, 0x62,
    0x00, 0x00, 0x4b, 0x00, 0x00, 0x00, 0x4c, 0x00, 0x00, 0x05, 0x9b, 0x71,
    0x05, 0xff, 0xff, 0xb0, 0x61, 0x00, 0x00, 0x07, 0x00, 0x00, 0x00, 0x70,
    0x00, 0x00, 0x07, 0x6d, 0xea, 0x10, 0x87, 0x11, 0xb8, 0x00, 0x00, 0x03,
    0xd0, 0x00, 0x00, 0x1e, 0x0d, 0x40, 0x04, 0xd0, 0xd4, 0x12, 0xc7, 0x02,
    0xbe, 0xd8, 0x00, 0x00, 0x3c, 0xec, 0x30, 0x02, 0xd4, 0x1a, 0x70, 0x0a,
    0x60, 0x00, 0x00, 0x0f, 0x10, 0x00, 0x00, 0x2f, 0x3c, 0xfc, 0x20, 0x3f,
    0xa2, 0x19, 0xb0, 0x3f, 0x10, 0x00, 0xf1, 0x2f, 0x10, 0x00, 0xe2, 0x0e,
    0x50, 0x01, 0xf0, 0x07, 0xd3, 0x18, 0x90, 0x00, 0x8e, 0xe9, 0x10, 0xaf,
    0xff, 0xfe, 0x0b, 0x30, 0x02, 0x70, 0x70, 0x00, 0x81, 0x00, 0x00, 0x27,
    0x00, 0x00, 0x09, 0x10, 0x00, 0x01, 0xa0, 0x00, 0x00, 0x76, 0x00, 0x00,
    0x0c, 0x40, 0x00, 0x00, 0xf3, 0x00, 0x00, 0x2f, 0x30, 0x00, 0x01, 0xe3,
    0x00, 0x00, 0x01, 0xae, 0xe9, 0x10, 0x0b, 0x71, 0x19, 0x90, 0x0d, 0x00,
    0x01, 0xd0, 0x0d, 0x30, 0x01, 0xa0, 0x03, 0xd8, 0x38, 0x20, 0x01, 0x89,
    0xe8, 0x00, 0x0a, 0x10, 0x2b, 0x70, 0x3a, 0x00, 0x01, 0xe0, 0x4a, 0x00,
    0x00, 0xe0, 0x1d, 0x61, 0x19, 0xa0, 0x02, 0xae, 0xe9, 0x10, 0x02, 0xbf,
    0xd7, 0x00, 0x0b, 0x81, 0x2c, 0x50, 0x2e, 0x00, 0x04, 0xc0, 0x4c, 0x00,
    0x02, 0xf0, 0x3d, 0x00, 0x04, 0xf2, 0x0e, 0x71, 0x4b, 0xf1, 0x03, 0xce,
    0xb4, 0xf0, 0x00, 0x00, 0x05, 0xc0, 0x00, 0x00, 0x0a, 0x70, 0x09, 0x80,
    0x7d, 0x10, 0x05, 0xde, 0xb2, 0x00, 0xc8, 0xc8, 0x00, 0x00, 0x00, 0x00,
    0xc8, 0xc8, 0xc9, 0x00, 0x00, 0x00, 0x00, 0x00, 0xc9, 0x56, 0x91, 0x00,
    0x00, 0x18, 0x00, 0x02, 0x91, 0x00, 0x29, 0x10, 0x02, 0x91, 0x00, 0x29,
    0x10, 0x00, 0xa1, 0x00, 0x00, 0x29, 0x00, 0x00, 0x02, 0x91, 0x00, 0x00,
    0x29, 0x10, 0x00, 0x02, 0x91, 0x00, 0x00, 0x18, 0x8f, 0xff, 0xff, 0xf7,
    0x00, 0x00, 0x00, 0x00, 0x00, 0x00, 0x00, 0x00, 0x00, 0x00, 0x00, 0x00,
    0x8f, 0xff, 0xff, 0xf7, 0x81, 0x00, 0x00, 0x19, 0x20, 0x00, 0x01, 0x92,
    0x00, 0x00, 0x19, 0x20, 0x00, 0x01, 0x92, 0x00, 0x00, 0x1a, 0x00, 0x01,
    0x92, 0x00, 0x19, 0x20, 0x01, 0x92, 0x00, 0x19, 0x20, 0x00, 0x81, 0x00,
    0x00, 0x01, 0x9e, 0xea, 0x20, 0x0a, 0x61, 0x19, 0xc0, 0x2a, 0x00, 0x01,
    0xf2, 0x1e, 0x40, 0x00, 0xf1, 0x00, 0x00, 0x08, 0x80, 0x00, 0x01, 0x94,
    0x00, 0x00, 0x05, 0x30, 0x00, 0x00, 0x07, 0x10, 0x00, 0x00, 0x00, 0x00,
    0x00, 0x00, 0x0c, 0x80, 0x00, 0x00, 0x0c, 0x80, 0x00, 0x00, 0x4c, 0xfc,
    0x30, 0x03, 0xc3, 0x14, 0xc1, 0x0c, 0x23, 0xed, 0x66, 0x2b, 0x0c, 0x3b,
    0x18, 0x58, 0x58, 0x0b, 0x08, 0x58, 0x84, 0x1b, 0x17, 0x48, 0x94, 0x89,
    0x83, 0x2a, 0x4e, 0x8d, 0x80, 0x0b, 0x10, 0x00, 0x35, 0x05, 0xb2, 0x15,
    0xb0, 0x00, 0x6d, 0xea, 0x10, 0x00, 0x0a, 0x70, 0x00, 0x00, 0x0a, 0xb0,
    0x00, 0x00, 0x35, 0xd0, 0x00, 0x00, 0x71, 0xa3, 0x00, 0x00, 0x80, 0x67,
    0x00, 0x00, 0x70, 0x2b, 0x00, 0x04, 0xff, 0xfe, 0x00, 0x08, 0x20, 0x0c,
    0x30, 0x0a, 0x00, 0x09, 0x70, 0x2b, 0x00, 0x05, 0xb0, 0xdf, 0x70, 0x0f,
    0xfa, 0x9f, 0xff, 0xeb, 0x30, 0x0b, 0x50, 0x29, 0xc0, 0x0a, 0x50, 0x03,
    0xd0, 0x0a, 0x50, 0x1a, 0x60, 0x0a, 0xff, 0xf8, 0x00, 0x0a, 0x50, 0x29,
    0xa0, 0x0a, 0x50, 0x00, 0xe3, 0x0a, 0x50, 0x00, 0xc6, 0x0a, 0x50, 0x00,
    0xe5, 0x0b, 0x60, 0x19, 0xe1, 0xbf, 0xff, 0xeb, 0x30, 0x00, 0x5c, 0xec,
    0xb0, 0x05, 0xe4, 0x14, 0xd3, 0x0d, 0x50, 0x00, 0x35, 0x4e, 0x00, 0x00,
    0x00, 0x6c, 0x00, 0x00, 0x00, 0x7b, 0x00, 0x00, 0x00, 0x7c, 0x00, 0x00,
    0x00, 0x5d, 0x00, 0x00, 0x00, 0x1f, 0x30, 0x00, 0x34, 0x08, 0xc3, 0x14,
    0xa0, 0x00, 0x8d, 0xea, 0x10, 0x9f, 0xff, 0xc5, 0x00, 0x0b, 0x61, 0x5e,
    0x60, 0x0a, 0x50, 0x04, 0xe1, 0x0a, 0x50, 0x00, 0xe4, 0x0a, 0x50, 0x00,
    0xc6, 0x0a, 0x50, 0x00, 0xb6, 0x0a, 0x50, 0x00, 0xc5, 0x0a, 0x50, 0x00,
    0xe3, 0x0a, 0x50, 0x05, 0xe0, 0x0b, 0x61, 0x6e, 0x50, 0xaf, 0xfe, 0xc5,
    0x00, 0x8f, 0xff, 0xff, 0xc0, 0x0a, 0x60, 0x02, 0xa2, 0x09, 0x60, 0x06,
    0x00, 0x09, 0x60, 0x19, 0x00, 0x09, 0xff, 0xfb, 0x00, 0x09, 0x60, 0x1a,
    0x00, 0x09, 0x60, 0x06, 0x00, 0x09, 0x60, 0x00, 0x00, 0x09, 0x60, 0x00,
    0x15, 0x0a, 0x70, 0x03, 0xc3, 0x8f, 0xff, 0xff, 0xe0, 0x8f, 0xff, 0xff,
    0xf2, 0x0a, 0x60, 0x02, 0x77, 0x09, 0x60, 0x06, 0x00, 0x09, 0x60, 0x0a,
    0x00, 0x09, 0xff, 0xff, 0x00, 0x09, 0x60, 0x0a, 0x00, 0x09, 0x60, 0x06,
    0x00, 0x09, 0x60, 0x00, 0x00, 0x09, 0x60, 0x00, 0x00, 0x0a, 0x70, 0x00,
    0x00, 0x9f, 0xf6, 0x00, 0x00, 0x00, 0x7e, 0xea, 0x50, 0x06, 0xd2, 0x19,
    0x80, 0x0e, 0x30, 0x00, 0x80, 0x4c, 0x00, 0x00, 0x00, 0x79, 0x00, 0x00,
    0x00, 0x89, 0x00, 0x00, 0x00, 0x7a, 0x00, 0x7f, 0xfa, 0x5c, 0x00, 0x06,
    0xc0, 0x1e, 0x20, 0x05, 0xa0, 0x08, 0xb2, 0x18, 0xa0, 0x00, 0x9e, 0xe7,
    0x00, 0xaf, 0xe0, 0x0f, 0xf9, 0x0e, 0x30, 0x04, 0xd0, 0x0d, 0x20, 0x03,
    0xc0, 0x0d, 0x20, 0x03, 0xc0, 0x0d, 0x20, 0x03, 0xc0, 0x0d, 0xff, 0xff,
    0xc0, 0x0d, 0x20, 0x03, 0xc0, 0x0d, 0x20, 0x03, 0xc0, 0x0d, 0x20, 0x03,
    0xc0, 0x0e, 0x30, 0x04, 0xd0, 0xbf, 0xf0, 0x1f, 0xfa, 0x8f, 0xff, 0xf8,
    0x00, 0x88, 0x00, 0x00, 0x88, 0x00, 0x00, 0x88, 0x00, 0x00, 0x88, 0x00,
    0x00, 0x88, 0x00, 0x00, 0x88, 0x00, 0x00, 0x88, 0x00, 0x00, 0x88, 0x00,
    0x00, 0x88, 0x00, 0x8f, 0xff, 0xf8, 0x00, 0x8f, 0xff, 0xf9, 0x00, 0x00,
    0x8a, 0x00, 0x00, 0x00, 0x78, 0x00, 0x00, 0x00, 0x78, 0x00, 0x00, 0x00,
    0x78, 0x00, 0x00, 0x00, 0x78, 0x00, 0x00, 0x00, 0x78, 0x00, 0x00, 0x00,
    0x78, 0x00, 0x00, 0x00, 0x78, 0x00, 0x00, 0x00, 0x78, 0x00, 0x00, 0x00,
    0x87, 0x00, 0x4c, 0x13, 0xd3, 0x00, 0x2c, 0xfc, 0x50, 0x00, 0x9f, 0xf4,
    0x6f, 0xf5, 0x0b, 0x50, 0x09, 0x40, 0x0a, 0x50, 0x74, 0x00, 0x0a, 0x57,
    0x70, 0x00, 0x0a, 0xbf, 0x20, 0x00, 0x0a, 0xd8, 0x90, 0x00, 0x0a, 0x51,
    0xd2, 0x00, 0x0a, 0x50, 0x6a, 0x00, 0x0a, 0x50, 0x0d, 0x30, 0x0b, 0x60,
    0x07, 0xb0, 0x9f, 0xf4, 0x0f, 0xfa, 0x7f, 0xf8, 0x00, 0x00, 0x08, 0x80,
    0x00, 0x00, 0x08, 0x80, 0x00, 0x00, 0x08, 0x80, 0x00, 0x00, 0x08, 0x80,
    0x00, 0x00, 0x08, 0x80, 0x00, 0x00, 0x08, 0x80, 0x00, 0x00, 0x08, 0x80,
    0x00, 0x00, 0x08, 0x80, 0x00, 0x15, 0x08, 0x80, 0x02, 0xb3, 0x8f, 0xff,
    0xff, 0xf1, 0xdf, 0x10, 0x05, 0xfc, 0x2f, 0x50, 0x09, 0xf1, 0x1d, 0x90,
    0x0a, 0xf0, 0x19, 0xc0, 0x28, 0xf0, 0x16, 0xf1, 0x65, 0xf0, 0x15, 0xd5,
    0xa1, 0xf0, 0x15, 0x99, 0xb0, 0xf0, 0x15, 0x6f, 0x90, 0xf0, 0x15, 0x3f,
    0x50, 0xf0, 0x26, 0x0e, 0x21, 0xf1, 0xcf, 0x19, 0x0d, 0xfc, 0xbf, 0x50,
    0x09, 0xfd, 0x0d, 0xd0, 0x00, 0x70, 0x07, 0xe6, 0x00, 0x60, 0x06, 0x7d,
    0x00, 0x60, 0x06, 0x1e, 0x60, 0x60, 0x06, 0x07, 0xe1, 0x60, 0x06, 0x00,
    0xd7, 0x60, 0x06, 0x00, 0x6e, 0x70, 0x06, 0x00, 0x0d, 0xc0, 0x07, 0x00,
    0x05, 0xc0, 0xdf, 0x90, 0x00, 0x90, 0x00, 0x7e, 0xe8, 0x00, 0x06, 0xc2,
    0x1a, 0x80, 0x0d, 0x30, 0x01, 0xe1, 0x3e, 0x00, 0x00, 0xc5, 0x5c, 0x00,
    0x00, 0xa7, 0x6b, 0x00, 0x00, 0xa8, 0x6c, 0x00, 0x00, 0xa8, 0x3e, 0x00,
    0x00, 0xc5, 0x0d, 0x30, 0x01, 0xe1, 0x06, 0xc2, 0x1a, 0x80, 0x00, 0x6e,
    0xe8, 0x00, 0x8f, 0xff, 0xeb, 0x30, 0x0a, 0x70, 0x16, 0xe1, 0x09, 0x60,
    0x00, 0xc4, 0x09, 0x60, 0x00, 0xc4, 0x09, 0x60, 0x17, 0xd1, 0x09, 0xff,
    0xeb, 0x30, 0x09, 0x60, 0x00, 0x00, 0x09, 0x60, 0x00, 0x00, 0x09, 0x60,
    0x00, 0x00, 0x0a, 0x70, 0x00, 0x00, 0x9f, 0xf6, 0x00, 0x00, 0x00, 0x8e,
    0xe8, 0x00, 0x08, 0xb2, 0x1a, 0x80, 0x1e, 0x20, 0x01, 0xf1, 0x5c, 0x00,
    0x00, 0xc5, 0x7b, 0x00, 0x00, 0xb7, 0x7a, 0x00, 0x00, 0xb7, 0x7b, 0x00,
    0x00, 0xb7, 0x5d, 0x8e, 0x90, 0xd4, 0x1f, 0xa1, 0xd6, 0xe1, 0x09, 0xc1,
    0x7f, 0x50, 0x00, 0x8e, 0xfd, 0x23, 0x00, 0x00, 0x1c, 0xc0, 0x8f, 0xff,
    0xeb, 0x30, 0x09, 0x70, 0x18, 0xd0, 0x08, 0x70, 0x01, 0xf0, 0x08, 0x70,
    0x18, 0xb0, 0x08, 0xff, 0xf9, 0x10, 0x08, 0x70, 0xe1, 0x00, 0x08, 0x70,
    0x97, 0x00, 0x08, 0x70, 0x4d, 0x00, 0x08, 0x70, 0x0e, 0x40, 0x09, 0x80,
    0x09, 0xb0, 0x8f, 0xf6, 0x04, 0xfa, 0x02, 0xbe, 0xff, 0x70, 0x0c, 0x51,
    0x2a, 0x90, 0x2a, 0x00, 0x01, 0x80, 0x1c, 0x10, 0x00, 0x00, 0x06, 0xd7,
    0x10, 0x00, 0x00, 0x29, 0xe7, 0x00, 0x00, 0x00, 0x2b, 0x80, 0x00, 0x00,
    0x00, 0xd0, 0x35, 0x00, 0x00, 0xd0, 0x1e, 0x51, 0x18, 0xa0, 0x0e, 0xff,
    0xea, 0x10, 0x2f, 0xff, 0xff, 0xf1, 0x65, 0x09, 0x70, 0x55, 0x00, 0x08,
    0x70, 0x00, 0x00, 0x08, 0x70, 0x00, 0x00, 0x08, 0x70, 0x00, 0x00, 0x08,
    0x70, 0x00, 0x00, 0x08, 0x70, 0x00, 0x00, 0x08, 0x70, 0x00, 0x00, 0x08,
    0x70, 0x00, 0x00, 0x09, 0x80, 0x00, 0x00, 0xaf, 0xf8, 0x00, 0xbf, 0xf0,
    0x09, 0xf9, 0x0e, 0x30, 0x00, 0x70, 0x0d, 0x20, 0x00, 0x60, 0x0d, 0x20,
    0x00, 0x60, 0x0d, 0x20, 0x00, 0x60, 0x0d, 0x20, 0x00, 0x60, 0x0d, 0x20,
    0x00, 0x60, 0x0d, 0x20, 0x00, 0x60, 0x0d, 0x30, 0x00, 0x70, 0x0a, 0xa1,
    0x18, 0x60, 0x01, 0xae, 0xe8, 0x00, 0xbf, 0xe0, 0x0a, 0xf8, 0x1d, 0x50,
    0x01, 0xa0, 0x09, 0x70, 0x03, 0x50, 0x05, 0xc0, 0x08, 0x10, 0x01, 0xf1,
    0x09, 0x00, 0x00, 0xc6, 0x37, 0x00, 0x00, 0x9a, 0x83, 0x00, 0x00, 0x5e,
    0xc0, 0x00, 0x00, 0x1f, 0xa0, 0x00, 0x00, 0x0c, 0x50, 0x00, 0x00, 0x08,
    0x10, 0x00, 0xdf, 0x5f, 0xf2, 0xfd, 0x4b, 0x06, 0x90, 0x63, 0x1c, 0x06,
    0xb0, 0x70, 0x0e, 0x19, 0xe0, 0x80, 0x0c, 0x3c, 0xe2, 0x90, 0x09, 0x7b,
    0xc9, 0x60, 0x07, 0xd8, 0xaf, 0x40, 0x05, 0xf5, 0x7f, 0x10, 0x02, 0xf2,
    0x5d, 0x00, 0x00, 0xe0, 0x3b, 0x00, 0x00, 0x80, 0x08, 0x00, 0x6f, 0xf3,
    0x1f, 0xf6, 0x07, 0xa0, 0x05, 0x50, 0x01, 0xd1, 0x08, 0x00, 0x00, 0x78,
    0x44, 0x00, 0x00, 0x1d, 0x80, 0x00, 0x00, 0x08, 0x90, 0x00, 0x00, 0x08,
    0xd2, 0x00, 0x00, 0x53, 0x79, 0x00, 0x00, 0x70, 0x0d, 0x20, 0x07, 0x40,
    0x08, 0xa0, 0x8f, 0xc0, 0x1f, 0xf9, 0x9f, 0xf2, 0x0d, 0xf8, 0x1c, 0x60,
    0x02, 0x90, 0x05, 0xc0, 0x07, 0x10, 0x00, 0xd4, 0x19, 0x00, 0x00, 0x7c,
    0x83, 0x00, 0x00, 0x1e, 0xb0, 0x00, 0x00, 0x0a, 0x70, 0x00, 0x00, 0x08,
    0x70, 0x00, 0x00, 0x08, 0x70, 0x00, 0x00, 0x09, 0x80, 0x00, 0x00, 0xaf,
    0xf8, 0x00, 0x09, 0xff, 0xff, 0xe1, 0x0b, 0x41, 0x03, 0x70, 0x00, 0x00,
    0x0a, 0x10, 0x00, 0x00, 0x56, 0x00, 0x00, 0x00, 0xa0, 0x00, 0x00, 0x06,
    0x40, 0x00, 0x00, 0x1a, 0x00, 0x00, 0x00, 0x83, 0x00, 0x00, 0x02, 0x90,
    0x00, 0x62, 0x09, 0x20, 0x04, 0xd0, 0x3f, 0xff, 0xff, 0xa0, 0xdf, 0xfd,
    0x90, 0x00, 0x90, 0x00, 0x90, 0x00, 0x90, 0x00, 0x90, 0x00, 0x90, 0x00,
    0x90, 0x00, 0x90, 0x00, 0x90, 0x00, 0x90, 0x00, 0x90, 0x00, 0x90, 0x00,
    0xdf, 0xfd, 0x61, 0x00, 0x00, 0x05, 0x60, 0x00, 0x00, 0x0b, 0x00, 0x00,
    0x00, 0x83, 0x00, 0x00, 0x03, 0x90, 0x00, 0x00, 0x0b, 0x10, 0x00, 0x00,
    0x66, 0x00, 0x00, 0x01, 0xb0, 0x00, 0x00, 0x09, 0x30, 0x00, 0x00, 0x39,
    0x00, 0x00, 0x00, 0xb1, 0x00, 0x00, 0x06, 0x60, 0x00, 0x00, 0x1b, 0x00,
    0x00, 0x00, 0x71, 0xef, 0xfc, 0x00, 0x09, 0x00, 0x09, 0x00, 0x09, 0x00,
    0x09, 0x00, 0x09, 0x00, 0x09, 0x00, 0x09, 0x00, 0x09, 0x00, 0x09, 0x00,
    0x09, 0x00, 0x09, 0x00, 0x09, 0xef, 0xfc, 0x02, 0xee, 0x20, 0x09, 0x44,
    0x80, 0xff, 0xff, 0xff, 0xfe, 0x4d, 0x80, 0x00, 0x74, 0x04, 0xce, 0xea,
    0x10, 0x0c, 0x40, 0x19, 0x50, 0x00, 0x5a, 0xdf, 0x60, 0x0a, 0xb5, 0x28,
    0x60, 0x3d, 0x00, 0x08, 0x60, 0x3e, 0x21, 0x4c, 0x66, 0x07, 0xee, 0xa7,
    0xe5, 0x05, 0x20, 0x00, 0x00, 0x9f, 0x30, 0x00, 0x00, 0x0b, 0x30, 0x00,
    0x00, 0x0a, 0x30, 0x00, 0x00, 0x0a, 0x30, 0x00, 0x00, 0x0a, 0x5b, 0xec,
    0x20, 0x0a, 0xc3, 0x17, 0xb0, 0x0a, 0x40, 0x00, 0xe0, 0x0a, 0x30, 0x00,
    0xe1, 0x0a, 0x30, 0x01, 0xe0, 0x0a, 0x91, 0x18, 0x90, 0x08, 0x7d, 0xea,
    0x10, 0x00, 0x7d, 0xeb, 0x20, 0x7c, 0x30, 0x97, 0x0d, 0x30, 0x00, 0x00,
    0xf0, 0x00, 0x00, 0x0e, 0x20, 0x00, 0x00, 0x8b, 0x20, 0x38, 0x00, 0x8d,
    0xeb, 0x20, 0x00, 0x00, 0x01, 0x60, 0x00, 0x00, 0x5f, 0x90, 0x00, 0x00,
    0x05, 0x90, 0x00, 0x00, 0x04, 0x90, 0x00, 0x00, 0x04, 0x90, 0x00, 0x8e,
    0xd9, 0x90, 0x08, 0xb1, 0x29, 0x90, 0x0e, 0x20, 0x04, 0x90, 0x0f, 0x00,
    0x04, 0x90, 0x0e, 0x10, 0x04, 0x90, 0x09, 0x91, 0x2c, 0xa0, 0x01, 0xae,
    0xc6, 0xf8, 0x07, 0xde, 0xa2, 0x06, 0x61, 0x05, 0xb0, 0xdf, 0xff, 0xff,
    0x0e, 0x10, 0x00, 0x00, 0xd4, 0x00, 0x00, 0x07, 0xc3, 0x03, 0x70, 0x07,
    0xde, 0xa1, 0x00, 0x00, 0x03, 0xce, 0xc3, 0x00, 0x0d, 0x40, 0x97, 0x00,
    0x2b, 0x00, 0x00, 0x00, 0x3a, 0x00, 0x00, 0x2f, 0xff, 0xff, 0x50, 0x00,
    0x3a, 0x00, 0x00, 0x00, 0x3a, 0x00, 0x00, 0x00, 0x3a, 0x00, 0x00, 0x00,
    0x3a, 0x00, 0x00, 0x00, 0x4b, 0x00, 0x00, 0x0c, 0xff, 0xfb, 0x00, 0x01,
    0xae, 0xe9, 0x95, 0x08, 0x71, 0x2c, 0x30, 0x09, 0x71, 0x1b, 0x30, 0x01,
    0xce, 0xe7, 0x00, 0x08, 0x51, 0x00, 0x00, 0x03, 0xcd, 0xdb, 0x40, 0x0a,
    0x00, 0x03, 0xd0, 0x1d, 0x41, 0x14, 0xd0, 0x04, 0xce, 0xeb, 0x30, 0x04,
    0x40, 0x00, 0x00, 0x8f, 0x40, 0x00, 0x00, 0x0a, 0x40, 0x00, 0x00, 0x09,
    0x40, 0x00, 0x00, 0x09, 0x40, 0x00, 0x00, 0x09, 0x6b, 0xfd, 0x20, 0x09,
    0xc4, 0x18, 0x80, 0x09, 0x40, 0x04, 0x90, 0x09, 0x40, 0x04, 0x90, 0x09,
    0x40, 0x04, 0x90, 0x0a, 0x50, 0x05, 0xa0, 0x8f, 0xf2, 0x2f, 0xf8, 0x00,
    0x8a, 0x00, 0x00, 0x8a, 0x00, 0x00, 0x00, 0x00, 0x00, 0x00, 0x00, 0x5f,
    0xf7, 0x00, 0x00, 0x87, 0x00, 0x00, 0x77, 0x00, 0x00, 0x77, 0x00, 0x00,
    0x77, 0x00, 0x00, 0x78, 0x00, 0x5f, 0xff, 0xf5, 0x00, 0x00, 0xd5, 0x00,
    0x00, 0xd4, 0x00, 0x00, 0x00, 0x00, 0x00, 0x00, 0x00, 0x8f, 0xf3, 0x00,
    0x00, 0xb3, 0x00, 0x00, 0xa3, 0x00, 0x00, 0xa3, 0x00, 0x00, 0xa3, 0x00,
    0x00, 0xa3, 0x00, 0x00, 0xb2, 0x97, 0x04, 0xd0, 0x5e, 0xeb, 0x20, 0x03,
    0x40, 0x00, 0x00, 0x8f, 0x50, 0x00, 0x00, 0x09, 0x50, 0x00, 0x00, 0x08,
    0x50, 0x00, 0x00, 0x08, 0x50, 0x00, 0x00, 0x08, 0x50, 0x9f, 0xf0, 0x08,
    0x50, 0x95, 0x00, 0x08, 0x58, 0x80, 0x00, 0x08, 0xbb, 0x90, 0x00, 0x08,
    0xc0, 0xa5, 0x00, 0x09, 0x50, 0x1c, 0x20, 0x7f, 0xf3, 0x1f, 0xe7, 0x6f,
    0xf7, 0x00, 0x00, 0x77, 0x00, 0x00, 0x77, 0x00, 0x00, 0x77, 0x00, 0x00,
    0x77, 0x00, 0x00, 0x77, 0x00, 0x00, 0x77, 0x00, 0x00, 0x77, 0x00, 0x00,
    0x77, 0x00, 0x00, 0x78, 0x00, 0x7f, 0xff, 0xf7, 0xbc, 0xce, 0x7d, 0xd2,
    0x3e, 0x38, 0xc2, 0xa5, 0x3a, 0x06, 0x80, 0x85, 0x3a, 0x06, 0x80, 0x85,
    0x3a, 0x06, 0x80, 0x85, 0x3b, 0x06, 0x80, 0x95, 0xcf, 0x5f, 0xf5, 0xfe,
    0x7f, 0x5b, 0xfc, 0x20, 0x0a, 0xc4, 0x18, 0x80, 0x09, 0x40, 0x04, 0x90,
    0x09, 0x40, 0x04, 0x90, 0x09, 0x40, 0x04, 0x90, 0x0a, 0x50, 0x05, 0xa0,
    0x8f, 0xf2, 0x2f, 0xf8, 0x00, 0x9e, 0xe9, 0x10, 0x09, 0xa2, 0x1a, 0x90,
    0x1e, 0x00, 0x00, 0xe1, 0x3c, 0x00, 0x00, 0xc3, 0x1e, 0x00, 0x00, 0xe1,
    0x0a, 0x91, 0x19, 0x90, 0x01, 0x9e, 0xe9, 0x10, 0x8f, 0x6c, 0xeb, 0x20,
    0x0a, 0xc3, 0x16, 0xc0, 0x09, 0x40, 0x00, 0xd2, 0x09, 0x40, 0x00, 0xc3,
    0x09, 0x40, 0x00, 0xe1, 0x09, 0xa2, 0x19, 0xb0, 0x09, 0x8d, 0xea, 0x10,
    0x0a, 0x50, 0x00, 0x00, 0x8f, 0xf5, 0x00, 0x00, 0x01, 0x9e, 0xd6, 0x70,
    0x09, 0x91, 0x2b, 0x80, 0x1e, 0x10, 0x05, 0x80, 0x2d, 0x00, 0x05, 0x80,
    0x1e, 0x00, 0x05, 0x80, 0x0b, 0x71, 0x3b, 0x80, 0x01, 0xbe, 0xc8, 0x80,
    0x00, 0x00, 0x05, 0x90, 0x00, 0x00, 0x6f, 0xf8, 0x7f, 0xf3, 0x6d, 0xd2,
    0x00, 0xb9, 0x81, 0xc3, 0x00, 0xa7, 0x00, 0x00, 0x00, 0xa3, 0x00, 0x00,
    0x00, 0xa3, 0x00, 0x00, 0x00, 0xb4, 0x00, 0x00, 0x8f, 0xff, 0xf2, 0x00,
    0x09, 0xee, 0xb6, 0x58, 0x11, 0x58, 0x3b, 0x40, 0x00, 0x03, 0xad, 0x70,
    0x00, 0x01, 0x79, 0x84, 0x10, 0x4b, 0x7b, 0xef, 0xc3, 0x00, 0x70, 0x00,
    0x04, 0xb0, 0x00, 0xff, 0xff, 0xf4, 0x02, 0xb0, 0x00, 0x02, 0xb0, 0x00,
    0x02, 0xb0, 0x00, 0x02, 0xb0, 0x00, 0x01, 0xd1, 0x27, 0x00, 0x8e, 0xc2,
    0x9f, 0x30, 0x4f, 0x80, 0x0b, 0x30, 0x06, 0x80, 0x0a, 0x30, 0x05, 0x80,
    0x0a, 0x30, 0x05, 0x80, 0x0a, 0x30, 0x05, 0x80, 0x09, 0x80, 0x2c, 0x90,
    0x03, 0xdf, 0xb7, 0xf8, 0x7f, 0xf4, 0x0e, 0xf5, 0x07, 0x90, 0x05, 0x60,
    0x01, 0xd0, 0x08, 0x00, 0x00, 0xa6, 0x27, 0x00, 0x00, 0x4d, 0xa1, 0x00,
    0x00, 0x0d, 0xa0, 0x00, 0x00, 0x08, 0x40, 0x00, 0xef, 0x7f, 0xf3, 0xfe,
    0x4c, 0x07, 0x80, 0x82, 0x0d, 0x1b, 0xc0, 0x80, 0x09, 0x7a, 0xd6, 0x60,
    0x05, 0xf7, 0x9f, 0x20, 0x01, 0xf2, 0x5d, 0x00, 0x00, 0xa0, 0x19, 0x00,
    0x1f, 0xf9, 0x6f, 0xf1, 0x01, 0xd3, 0x09, 0x10, 0x00, 0x2c, 0x72, 0x00,
    0x00, 0x08, 0xa0, 0x00, 0x00, 0x45, 0x86, 0x00, 0x03, 0x80, 0x0c, 0x40,
    0x7f, 0xf0, 0x7f, 0xf5, 0x5f, 0xf5, 0x3f, 0xf7, 0x06, 0xb0, 0x06, 0x60,
    0x00, 0xc0, 0x08, 0x00, 0x00, 0x65, 0x17, 0x00, 0x00, 0x09, 0x62, 0x00,
    0x00, 0x07, 0x90, 0x00, 0x00, 0x05, 0x50, 0x00, 0x00, 0x09, 0x00, 0x00,
    0x0a, 0xe4, 0x00, 0x00, 0xaf, 0xff, 0xf6, 0x92, 0x02, 0x90, 0x00, 0x1a,
    0x10, 0x00, 0xa2, 0x00, 0x08, 0x50, 0x07, 0x68, 0x00, 0x5a, 0xef, 0xff,
    0xf8, 0x00, 0x9c, 0x03, 0xa1, 0x04, 0x50, 0x04, 0x50, 0x04, 0x50, 0x19,
    0x40, 0x98, 0x00, 0x19, 0x20, 0x04, 0x50, 0x04, 0x50, 0x04, 0x50, 0x04,
    0x50, 0x02, 0xa1, 0x00, 0x9c, 0x42, 0x42, 0x42, 0x42, 0x42, 0x42, 0x42,
    0x42, 0x42, 0x42, 0x42, 0x42, 0x42, 0x42, 0x42, 0x42, 0xc9, 0x00, 0x19,
    0x30, 0x05, 0x40, 0x05, 0x40, 0x05, 0x40, 0x04, 0x91, 0x00, 0x89, 0x02,
    0x91, 0x05, 0x40, 0x05, 0x40, 0x05, 0x40, 0x05, 0x40, 0x1a, 0x20, 0xc9,
    0x00, 0x07, 0xea, 0x10, 0x05, 0x18, 0x2b, 0xc2, 0x62, 0x41, 0x00, 0x8e,
    0x80, 0x00, 0x01, 0x00, 0x10, 0x17, 0x10, 0x63, 0x0a, 0x10, 0x55, 0x04,
    0xc3, 0x0d, 0x60, 0x7f, 0xb1, 0xff, 0x11, 0x83, 0x06, 0x60, 0x00, 0x00,
    0x00, 0x00, 0xec, 0x0a, 0xe2, 0x0d, 0xe0, 0x9f, 0x30, 0x37, 0x01, 0xa0,
    0x18, 0x00, 0x72, 0x03, 0x00, 0x21, 0x00, 0x14, 0x00, 0x00, 0x4c, 0x50,
    0x00, 0x4f, 0x40, 0x00, 0xa8, 0x00, 0x01, 0x10, 0x04, 0x40, 0x74, 0x56,
    0x80, 0x08, 0x48, 0x93, 0x00, 0x00, 0x00, 0x01, 0x21, 0x10, 0x00, 0x74,
    0x83, 0x00, 0x1a, 0x19, 0x00, 0x07, 0x47, 0x30, 0x01, 0xa0, 0x90, 0x00,
    0x74, 0x64, 0x00, 0x1a, 0x0a, 0x00, 0x02, 0x82, 0x90, 0x00, 0x0a, 0x19,
    0x10, 0x00, 0x47, 0x38, 0x00, 0x00, 0xa0, 0xa1, 0x00, 0x05, 0x63, 0x80,
    0x00, 0x0a, 0x0a, 0x10, 0x00, 0x52, 0x33, 0x10, 0x01, 0x00, 0x04, 0x61,
    0x90, 0x00, 0x0a, 0x08, 0x20, 0x00, 0x56, 0x29, 0x00, 0x00, 0xa0, 0x92,
    0x00, 0x06, 0x52, 0x80, 0x00, 0x0a, 0x09, 0x10, 0x00, 0xa0, 0x73, 0x00,
    0x28, 0x0a, 0x00, 0x09, 0x16, 0x40, 0x02, 0x80, 0xa0, 0x00, 0x82, 0x55,
    0x00, 0x19, 0x0a, 0x00, 0x04, 0x31, 0x50, 0x00, 0x18, 0x88, 0x88, 0x42,
    0xff, 0xff, 0xc0, 0x2f, 0xff, 0xe2, 0x02, 0xff, 0xf7, 0x00, 0x2f, 0xfe,
    0x10, 0x02, 0xff, 0xa0, 0x00, 0x2f, 0xf7, 0x00, 0x02, 0xff, 0x60, 0x00,
    0x2f, 0xf8, 0x00, 0x02, 0xff, 0xc0, 0x00, 0x2f, 0xff, 0x30, 0x02, 0xff,
    0xfb, 0x00, 0x2f, 0xff, 0xf6, 0x02, 0xff, 0xff, 0xf4, 0x48, 0x88, 0x87,
    0x1d, 0xff, 0xfd, 0x03, 0xff, 0xfd, 0x00, 0x9f, 0xfd, 0x00, 0x3f, 0xfd,
    0x00, 0x0d, 0xfd, 0x00, 0x0b, 0xfd, 0x00, 0x0a, 0xfd, 0x00, 0x0c, 0xfd,
    0x00, 0x2f, 0xfd, 0x00, 0x7f, 0xfd, 0x01, 0xef, 0xfd, 0x0a, 0xff, 0xfd,
    0x6f, 0xff, 0xfd, 0x00, 0x00, 0x00, 0x00, 0x00, 0x00, 0x06, 0x10, 0x07,
    0x66, 0x66, 0x66, 0x66, 0x66, 0x7b, 0x80, 0x00, 0x00, 0x00, 0x29, 0x20,
    0x00, 0x00, 0x00, 0x00, 0x00, 0x00, 0x2d, 0x00, 0x00, 0x00, 0x00, 0x00,
    0x00, 0x00, 0x2c, 0x00, 0x00, 0x00, 0x00, 0x00, 0x00, 0x00, 0x2c, 0x00,
    0x00, 0x00, 0x00, 0x00, 0x00, 0x00, 0x2c, 0x00, 0x00, 0x30, 0x00, 0x00,
    0x00, 0x00, 0x2d, 0x66, 0x67, 0xd4, 0x00, 0x00, 0x00, 0x00, 0x2c, 0x00,
    0x00, 0x00, 0x00, 0x00, 0x00, 0x00, 0x2c, 0x00, 0x00, 0x00, 0x00, 0x00,
    0x00, 0x00, 0x2c, 0x00, 0x00, 0x00, 0x00, 0x00, 0x00, 0x00, 0x2c, 0x00,
    0x00, 0x00, 0x00, 0x00, 0x00, 0x00, 0x2c, 0x00, 0x00, 0x00, 0x00, 0x00,
    0x00, 0x00, 0x2c, 0x00, 0x00, 0x00, 0x00, 0x01, 0x11, 0x11, 0x3c, 0x11,
    0x11, 0x19, 0x80, 0x06, 0x55, 0x55, 0x55, 0x55, 0x55, 0x55, 0x51, 0x00,
    0x00, 0x00, 0x00, 0x00, 0x00, 0x20, 0x46, 0x66, 0x66, 0x66, 0x66, 0x66,
    0xe7, 0x10, 0x00, 0x00, 0xc2, 0x00, 0x00, 0x00, 0x00, 0x00, 0x00, 0xc2,
    0x00, 0x00, 0x00, 0x00, 0x00, 0x00, 0xc2, 0x00, 0x00, 0x00, 0x00, 0x00,
    0x00, 0xc7, 0x61, 0x00, 0x00, 0x00, 0x00, 0x00, 0xc2, 0x5d, 0x91, 0x00,
    0x00, 0x00, 0x00, 0xc2, 0x02, 0xcc, 0x00, 0x00, 0x00, 0x00, 0xc2, 0x00,
    0x1b, 0x00, 0x00, 0x00, 0x00, 0xc2, 0x00, 0x00, 0x00, 0x00, 0x00, 0x00,
    0xc2, 0x00, 0x00, 0x00, 0x00, 0x00, 0x00, 0xc2, 0x00, 0x00, 0x00, 0x00,
    0x00, 0x00, 0xc2, 0x00, 0x00, 0x00, 0x00, 0x00, 0x00, 0xd2, 0x00, 0x00,
    0x00, 0x00, 0x00, 0x00, 0x40, 0x00, 0x00, 0x00, 0x00, 0x00, 0x00, 0x00,
    0x00, 0x00, 0x07, 0x30, 0x06, 0x76, 0x66, 0x67, 0xd6, 0x66, 0x68, 0x60,
    0x00, 0x00, 0x00, 0x08, 0xa0, 0x00, 0x00, 0x00, 0x00, 0x00, 0x00, 0x1e,
    0x30, 0x00, 0x00, 0x00, 0x00, 0x00, 0x00, 0x8f, 0x90, 0x00, 0x00, 0x00,
    0x00, 0x00, 0x03, 0xd9, 0x71, 0x61, 0x00, 0x00, 0x00, 0x00, 0x1c, 0x38,
    0x70, 0x1a, 0x30, 0x00, 0x00, 0x00, 0xb4, 0x08, 0x70, 0x01, 0xc6, 0x00,
    0x00, 0x0a, 0x40, 0x08, 0x70, 0x00, 0x2e, 0x60, 0x01, 0x93, 0x00, 0x08,
    0x70, 0x00, 0x06, 0xa0, 0x06, 0x10, 0x00, 0x08, 0x70, 0x00, 0x00, 0x10,
    0x00, 0x00, 0x00, 0x08, 0x70, 0x00, 0x00, 0x00, 0x00, 0x00, 0x00, 0x08,
    0x70, 0x00, 0x00, 0x00, 0x00, 0x00, 0x00, 0x08, 0x70, 0x00, 0x00, 0x00,
    0x00, 0x00, 0x00, 0x02, 0x00, 0x00, 0x00, 0x00, 0x00, 0x00, 0x00, 0x01,
    0x00, 0x00, 0x00, 0x00, 0x00, 0x00, 0x00, 0x0b, 0x60, 0x00, 0x00, 0x00,
    0x00, 0x00, 0x00, 0x4d, 0x70, 0x00, 0x00, 0x00, 0x00, 0x00, 0x00, 0xc4,
    0x36, 0x00, 0x00, 0x00, 0x00, 0x00, 0x08, 0x90, 0x08, 0x50, 0x00, 0x00,
    0x00, 0x00, 0x5b, 0x04, 0x20, 0xa7, 0x00, 0x00, 0x00, 0x05, 0xa1, 0x08,
    0x90, 0x1b, 0xb4, 0x00, 0x00, 0x77, 0x00, 0x08, 0x70, 0x00, 0x8f, 0xb2,
    0x26, 0x10, 0x00, 0x08, 0x70, 0x00, 0x02, 0x00, 0x00, 0x00, 0x00, 0x08,
    0x70, 0x00, 0x00, 0x00, 0x00, 0x00, 0x00, 0x08, 0x70, 0x00, 0x00, 0x00,
    0x00, 0x00, 0x00, 0x08, 0x70, 0x00, 0x00, 0x00, 0x00, 0x00, 0x00, 0x08,
    0x70, 0x00, 0x00, 0x00, 0x00, 0x00, 0x00, 0x08, 0x70, 0x00, 0x00, 0x00,
    0x00, 0x00, 0x00, 0x08, 0x70, 0x00, 0x00, 0x00, 0x00, 0x00, 0x00, 0x04,
    0x10, 0x00, 0x00, 0x00, 0x00, 0x00, 0x00, 0x00, 0x00, 0x00, 0x00, 0x00,
    0x00, 0x96, 0x00, 0x00, 0x00, 0x00, 0x00, 0x0a, 0x50, 0x00, 0x00, 0x00,
    0x00, 0x00, 0x95, 0x00, 0x00, 0x00, 0x96, 0x66, 0x6c, 0x96, 0x66, 0x7d,
    0x1d, 0x10, 0x00, 0x95, 0x00, 0x03, 0xa0, 0xc1, 0x00, 0x09, 0x50, 0x00,
    0x3a, 0x0c, 0x10, 0x00, 0x95, 0x00, 0x03, 0xa0, 0xc1, 0x00, 0x09, 0x50,
    0x00, 0x3a, 0x0d, 0x66, 0x66, 0xc9, 0x66, 0x67, 0xb0, 0x60, 0x00, 0x09,
    0x50, 0x00, 0x14, 0x00, 0x00, 0x00, 0x95, 0x00, 0x00, 0x00, 0x00, 0x00,
    0x0a, 0x50, 0x00, 0x00, 0x00, 0x00, 0x00, 0xa5, 0x00, 0x00, 0x00, 0x00,
    0x00, 0x0a, 0x50, 0x00, 0x00, 0x00, 0x00, 0x00, 0x41, 0x00, 0x00, 0x00,
    0x00, 0x00, 0x00, 0x82, 0x00, 0x00, 0x00, 0x00, 0x00, 0x00, 0x00, 0x3e,
    0x20, 0x00, 0x00, 0x00, 0x00, 0x00, 0x00, 0x0a, 0x30, 0x00, 0x00, 0x00,
    0x02, 0x76, 0x66, 0x66, 0x66, 0x8d, 0x10, 0x00, 0x00, 0x10, 0x00, 0x00,
    0x01, 0xd8, 0x10, 0x00, 0x00, 0x00, 0x00, 0x00, 0x1c, 0x60, 0x00, 0x00,
    0x00, 0x00, 0x00, 0x01, 0xb6, 0x00, 0x00, 0x00, 0x00, 0x00, 0x00, 0x0b,
    0x50, 0x00, 0x00, 0x00, 0x00, 0x00, 0x01, 0xa4, 0x00, 0x00, 0x00, 0x00,
    0x00, 0x00, 0x1a, 0x30, 0x00, 0x00, 0x00, 0x00, 0x00, 0x02, 0xb2, 0x00,
    0x00, 0x00, 0x00, 0x00, 0x01, 0x8a, 0x82, 0x00, 0x00, 0x00, 0x00, 0x00,
    0x1d, 0x80, 0x1a, 0xa6, 0x43, 0x33, 0x45, 0x62, 0x03, 0x00, 0x00, 0x49,
    0xbc, 0xde, 0xee, 0x30, 0x00, 0x22, 0x22, 0x22, 0x22, 0x69, 0x00, 0x00,
    0x45, 0x44, 0x44, 0x44, 0x44, 0x10, 0x00, 0x00, 0x00, 0x00, 0x00, 0x00,
    0x00, 0x00, 0x00, 0x00, 0x00, 0x00, 0x00, 0x00, 0x00, 0x00, 0x00, 0x00,
    0x00, 0x01, 0xa2, 0x57, 0x66, 0x68, 0xd6, 0x66, 0x66, 0x86, 0x00, 0x00,
    0x09, 0x90, 0x00, 0x00, 0x00, 0x00, 0x00, 0x2d, 0x10, 0x21, 0x00, 0x00,
    0x00, 0x00, 0xb4, 0x00, 0x09, 0x20, 0x00, 0x00, 0x06, 0x80, 0x00, 0x02,
    0xc2, 0x00, 0x00, 0x4a, 0x00, 0x00, 0x01, 0x8d, 0x10, 0x05, 0xfb, 0xbb,
    0xa9, 0x86, 0x5e, 0x50, 0x00, 0x85, 0x20, 0x00, 0x00, 0x07, 0x10, 0x00,
    0x01, 0xa1, 0x00, 0x00, 0x00, 0x00, 0x00, 0x00, 0x05, 0xc1, 0x22, 0x22,
    0x22, 0x71, 0x00, 0x00, 0x0a, 0x52, 0x66, 0x44, 0x44, 0xf3, 0x00, 0x00,
    0x2c, 0x00, 0x16, 0x00, 0x03, 0xc0, 0x00, 0x00, 0x9a, 0x10, 0x08, 0x00,
    0x06, 0x80, 0x00, 0x02, 0x9d, 0x00, 0x09, 0x00, 0x0a, 0x40, 0x00, 0x07,
    0x1d, 0x00, 0x07, 0x30, 0x1d, 0x00, 0x00, 0x32, 0x0d, 0x00, 0x02, 0x90,
    0x68, 0x00, 0x00, 0x00, 0x0d, 0x00, 0x00, 0xa2, 0xc2, 0x00, 0x00, 0x00,
    0x0d, 0x00, 0x00, 0x3d, 0x80, 0x00, 0x00, 0x00, 0x0d, 0x00, 0x00, 0x3e,
    0x80, 0x00, 0x00, 0x00, 0x0d, 0x00, 0x02, 0xc2, 0xa9, 0x00, 0x00, 0x00,
    0x0d, 0x00, 0x3a, 0x20, 0x0b, 0xc4, 0x00, 0x00, 0x0e, 0x17, 0x60, 0x00,
    0x00, 0x8f, 0x90, 0x00, 0x03, 0x41, 0x00, 0x00, 0x00, 0x02, 0x00, 0x00,
    0x00, 0x00, 0x00, 0x05, 0x40, 0x04, 0xc1, 0x02, 0x00, 0x00, 0x89, 0x00,
    0x4a, 0x00, 0x85, 0x00, 0x08, 0x70, 0x04, 0xa0, 0x01, 0xe5, 0x00, 0x87,
    0x00, 0x4a, 0x00, 0x09, 0x80, 0x09, 0x60, 0x04, 0xa0, 0x00, 0x21, 0x00,
    0x95, 0x00, 0x4a, 0x00, 0x00, 0x00, 0x0b, 0x40, 0x04, 0xa0, 0x00, 0x21,
    0x00, 0xc2, 0x00, 0x4a, 0x00, 0x55, 0x00, 0x1e, 0x00, 0x04, 0xa2, 0xa4,
    0x00, 0x08, 0xc0, 0x00, 0x5e, 0xd3, 0x00, 0x03, 0xd3, 0xa2, 0x04, 0xe2,
    0x00, 0x02, 0xc3, 0x04, 0xe2, 0x01, 0x00, 0x07, 0xa2, 0x00, 0x0a, 0x80,
    0x03, 0x67, 0x30, 0x00, 0x00, 0x23, 0x03, 0x20, 0x00, 0x00, 0x00, 0x00,
    0x00, 0x00, 0x00, 0x00, 0x00, 0x00, 0x00, 0x00, 0x00, 0x00, 0x00, 0x79,
    0x00, 0x00, 0x00, 0x00, 0x00, 0x00, 0x00, 0xb6, 0x00, 0x00, 0x15, 0xab,
    0x00, 0x00, 0x02, 0xd1, 0x45, 0x7a, 0xb6, 0x43, 0x00, 0x00, 0x08, 0x60,
    0x00, 0x06, 0x80, 0x00, 0x00, 0x00, 0x1e, 0x40, 0x00, 0x06, 0x80, 0x00,
    0x00, 0x00, 0x8d, 0x50, 0x00, 0x06, 0x80, 0x00, 0x00, 0x02, 0x89, 0x40,
    0x00, 0x06, 0x80, 0x03, 0x20, 0x07, 0x09, 0x45, 0x76, 0x69, 0xa6, 0x68,
    0x70, 0x21, 0x09, 0x40, 0x00, 0x06, 0x80, 0x00, 0x00, 0x00, 0x09, 0x40,
    0x00, 0x06, 0x80, 0x00, 0x00, 0x00, 0x09, 0x40, 0x00, 0x06, 0x80, 0x00,
    0x00, 0x00, 0x09, 0x40, 0x00, 0x06, 0x80, 0x00, 0x00, 0x00, 0x0a, 0x40,
    0x00, 0x06, 0x80, 0x01, 0x30, 0x00, 0x0a, 0x45, 0x76, 0x67, 0x86, 0x68,
    0x91, 0x00, 0x04, 0x10, 0x00, 0x00, 0x00, 0x00, 0x00, 0x00, 0x00, 0x00,
    0x00, 0x00, 0x00, 0x00, 0x00, 0x00, 0x00, 0x00, 0x1d, 0x40, 0x00, 0x00,
    0x00, 0x00, 0x00, 0x00, 0x7c, 0x50, 0x00, 0x00, 0x00, 0x00, 0x00, 0x02,
    0xd2, 0x63, 0x00, 0x00, 0x00, 0x00, 0x00, 0x0c, 0x40, 0x09, 0x50, 0x00,
    0x00, 0x00, 0x00, 0x95, 0x00, 0x00, 0x9a, 0x20, 0x00, 0x00, 0x08, 0x61,
    0x11, 0x12, 0x87, 0xeb, 0x71, 0x01, 0x73, 0x56, 0x55, 0x55, 0x52, 0x29,
    0x50, 0x25, 0x00, 0x00, 0x00, 0x00, 0x00, 0x01, 0x00, 0x01, 0x66, 0x66,
    0x66, 0x66, 0x66, 0x9d, 0x20, 0x00, 0x20, 0x00, 0xb8, 0x00, 0x00, 0x00,
    0x00, 0x00, 0x00, 0x06, 0xc1, 0x03, 0x00, 0x00, 0x00, 0x00, 0x00, 0x2c,
    0x10, 0x03, 0xa2, 0x00, 0x00, 0x00, 0x02, 0xa1, 0x00, 0x00, 0x3d, 0x50,
    0x00, 0x00, 0x1e, 0xcc, 0xba, 0x87, 0x67, 0xf0, 0x00, 0x00, 0x04, 0x30,
    0x00, 0x00, 0x00, 0x60, 0x00, 0x00, 0x00, 0x77, 0x00, 0x08, 0x70, 0x00,
    0x00, 0x00, 0x00, 0xc7, 0x00, 0x0b, 0x50, 0x00, 0x00, 0x00, 0x02, 0xd0,
    0x00, 0x0d, 0x10, 0x01, 0x00, 0x00, 0x08, 0x61, 0x76, 0x6e, 0x66, 0x6b,
    0x10, 0x00, 0x1e, 0x90, 0x00, 0x3a, 0x00, 0x00, 0x00, 0x00, 0x8c, 0x70,
    0x00, 0x67, 0x00, 0x01, 0x10, 0x02, 0x98, 0x76, 0x76, 0xb8, 0x66, 0x68,
    0x90, 0x08, 0x18, 0x70, 0x00, 0xc1, 0x00, 0x00, 0x00, 0x32, 0x08, 0x70,
    0x02, 0xd1, 0x11, 0x54, 0x00, 0x00, 0x08, 0x70, 0x03, 0x85, 0x55, 0xe8,
    0x00, 0x00, 0x08, 0x70, 0x00, 0x00, 0x08, 0x50, 0x00, 0x00, 0x08, 0x70,
    0x03, 0x62, 0x35, 0x00, 0x00, 0x00, 0x08, 0x70, 0x00, 0x19, 0xd4, 0x00,
    0x00, 0x00, 0x08, 0x70, 0x00, 0x00, 0x4e, 0x80, 0x00, 0x00, 0x04, 0x20,
    0x00, 0x00, 0x02, 0x60, 0x00, 0x00, 0x00, 0x00, 0x00, 0x00, 0x00, 0x00,
    0x00, 0x00, 0x0a, 0x50, 0x0d, 0x30, 0x00, 0x00, 0x00, 0x01, 0xe1, 0x04,
    0xb0, 0x00, 0x00, 0x00, 0x00, 0x58, 0x00, 0xa3, 0x00, 0x00, 0x72, 0x00,
    0x0b, 0x20, 0x2b, 0x8a, 0x66, 0x67, 0x50, 0x03, 0xd2, 0x08, 0x25, 0x80,
    0x00, 0x00, 0x00, 0xad, 0x33, 0x60, 0x58, 0x00, 0x00, 0x00, 0x55, 0xb2,
    0x60, 0x05, 0xa3, 0x36, 0x90, 0x16, 0x0b, 0x20, 0x00, 0x5a, 0x33, 0x33,
    0x11, 0x00, 0xb2, 0x00, 0x05, 0x80, 0x00, 0x00, 0x00, 0x0b, 0x20, 0x00,
    0x58, 0x00, 0x05, 0x00, 0x00, 0xb2, 0x00, 0x05, 0xb6, 0x66, 0x94, 0x00,
    0x0b, 0x20, 0x00, 0x58, 0x00, 0x00, 0x00, 0x00, 0xb2, 0x00, 0x05, 0x80,
    0x00, 0x00, 0x00, 0x0c, 0x20, 0x00, 0x59, 0x00, 0x00, 0x00, 0x00, 0x40,
    0x00, 0x03, 0x30, 0x00, 0x00, 0x00, 0x00, 0x00, 0x00, 0x00, 0x00, 0x00,
    0x00, 0x00, 0x00, 0x7a, 0x00, 0xa4, 0x00, 0x00, 0x00, 0x00, 0x00, 0xc5,
    0x01, 0xe3, 0x00, 0x00, 0x00, 0x00, 0x03, 0xc0, 0x06, 0x90, 0x00, 0x01,
    0x10, 0x00, 0x0a, 0x40, 0x0c, 0x76, 0x66, 0x6b, 0xb0, 0x00, 0x2e, 0x50,
    0x47, 0x02, 0x30, 0x0a, 0x20, 0x00, 0x9a, 0x50, 0x80, 0x03, 0xc0, 0x31,
    0x00, 0x05, 0x58, 0x54, 0x13, 0x03, 0xa0, 0x00, 0x00, 0x15, 0x08, 0x50,
    0x0c, 0x63, 0xa1, 0x60, 0x00, 0x00, 0x08, 0x50, 0x2c, 0x03, 0xa0, 0x48,
    0x00, 0x00, 0x08, 0x50, 0x74, 0x03, 0xa0, 0x0b, 0x60, 0x00, 0x08, 0x51,
    0x90, 0x03, 0xa0, 0x03, 0xe0, 0x00, 0x09, 0x56, 0x10, 0x03, 0xa0, 0x00,
    0xb0, 0x00, 0x09, 0x52, 0x01, 0x04, 0xa0, 0x00, 0x00, 0x00, 0x09, 0x50,
    0x02, 0x8f, 0x80, 0x00, 0x00, 0x00, 0x03, 0x00, 0x00, 0x04, 0x00, 0x00,
    0x00, 0x00, 0x00, 0x00, 0x00, 0x00, 0x00, 0x00, 0x00, 0x00, 0x00, 0xb5,
    0x20, 0x00, 0x00, 0x22, 0x00, 0x00, 0x01, 0xe1, 0x6a, 0x66, 0x66, 0xb8,
    0x00, 0x00, 0x06, 0x70, 0x68, 0x00, 0x00, 0x84, 0x00, 0x00, 0x0c, 0x10,
    0x68, 0x00, 0x00, 0x84, 0x00, 0x00, 0x5e, 0x10, 0x68, 0x00, 0x00, 0x84,
    0x00, 0x00, 0xad, 0x00, 0x6a, 0x69, 0x86, 0xb4, 0x00, 0x07, 0x2c, 0x00,
    0x21, 0x08, 0x50, 0x00, 0x00, 0x13, 0x0c, 0x14, 0x44, 0x49, 0x74, 0x45,
    0xb1, 0x00, 0x0c, 0x03, 0x22, 0x8e, 0x75, 0x22, 0x21, 0x00, 0x0c, 0x00,
    0x01, 0xc8, 0x57, 0x00, 0x00, 0x00, 0x0c, 0x00, 0x09, 0x58, 0x54, 0x80,
    0x00, 0x00, 0x0c, 0x00, 0x58, 0x08, 0x50, 0x98, 0x00, 0x00, 0x0d, 0x03,
    0x70, 0x08, 0x50, 0x1b, 0xc2, 0x00, 0x0d, 0x34, 0x00, 0x08, 0x50, 0x00,
    0x20, 0x00, 0x05, 0x00, 0x00, 0x04, 0x10, 0x00, 0x00, 0x00, 0x00, 0xa4,
    0x00, 0x37, 0x00, 0x00, 0x00, 0x00, 0x1d, 0x10, 0x00, 0xa7, 0x00, 0x00,
    0x00, 0x06, 0x74, 0x66, 0x69, 0x96, 0x6c, 0x60, 0x00, 0xc1, 0x11, 0x00,
    0x00, 0x00, 0x00, 0x00, 0x5d, 0x10, 0x12, 0x22, 0x22, 0x75, 0x00, 0x0b,
    0xd0, 0x03, 0x54, 0x44, 0x44, 0x30, 0x06, 0x4c, 0x00, 0x00, 0x00, 0x00,
    0x22, 0x01, 0x60, 0xc0, 0x05, 0x76, 0x66, 0x67, 0x70, 0x10, 0x0c, 0x00,
    0x00, 0x00, 0x00, 0x01, 0x00, 0x00, 0xc0, 0x05, 0x96, 0x66, 0x69, 0xa0,
    0x00, 0x0c, 0x00, 0x58, 0x00, 0x00, 0x67, 0x00, 0x00, 0xc0, 0x05, 0x80,
    0x00, 0x06, 0x70, 0x00, 0x0c, 0x00, 0x5a, 0x66, 0x66, 0x97, 0x00, 0x00,
    0xd0, 0x05, 0x70, 0x00, 0x06, 0x60, 0x00, 0x06, 0x00, 0x10, 0x00, 0x00,
    0x10, 0x00, 0x00, 0x00, 0x00, 0x00, 0x00, 0x00, 0x00, 0x00, 0x00, 0x00,
    0x00, 0x07, 0x80, 0x00, 0x00, 0x00, 0x00, 0x01, 0xa2, 0x07, 0x70, 0x00,
    0x00, 0x00, 0x00, 0x05, 0xc0, 0x07, 0x70, 0x00, 0x20, 0x00, 0x00, 0x09,
    0xa6, 0x6a, 0xa6, 0x69, 0xc1, 0x00, 0x00, 0x1b, 0x00, 0x07, 0x70, 0x00,
    0x00, 0x00, 0x00, 0x82, 0x00, 0x07, 0x70, 0x00, 0x00, 0x00, 0x00, 0x30,
    0x00, 0x07, 0x70, 0x00, 0x05, 0x10, 0x06, 0x76, 0x67, 0x97, 0x8a, 0x66,
    0x69, 0x60, 0x00, 0x00, 0x06, 0x80, 0x1c, 0x00, 0x00, 0x00, 0x00, 0x00,
    0x08, 0x50, 0x1c, 0x00, 0x00, 0x00, 0x00, 0x00, 0x0d, 0x10, 0x1c, 0x00,
    0x01, 0x30, 0x00, 0x00, 0x59, 0x00, 0x1c, 0x00, 0x02, 0x50, 0x00, 0x03,
    0xb1, 0x00, 0x1d, 0x00, 0x04, 0x90, 0x00, 0x68, 0x10, 0x00, 0x0a, 0xdb,
    0xbd, 0x90, 0x04, 0x10, 0x00, 0x00, 0x00, 0x00, 0x00, 0x00, 0x00, 0x00,
    0x15, 0x00, 0x00, 0x00, 0x00, 0x00, 0x00, 0x00, 0x16, 0xb4, 0x00, 0x00,
    0x00, 0x00, 0x00, 0x00, 0x00, 0x1c, 0x10, 0x00, 0x00, 0x00, 0x00, 0x00,
    0x00, 0x0a, 0x70, 0x00, 0x00, 0x00, 0x00, 0x00, 0x00, 0x0e, 0xb0, 0x00,
    0x00, 0x00, 0x00, 0x00, 0x00, 0x4b, 0x93, 0x00, 0x00, 0x00, 0x00, 0x00,
    0x00, 0x95, 0x49, 0x00, 0x00, 0x00, 0x00, 0x00, 0x02, 0xd0, 0x0d, 0x20,
    0x00, 0x00, 0x00, 0x00, 0x0a, 0x50, 0x06, 0xb0, 0x00, 0x00, 0x00, 0x00,
    0x4a, 0x00, 0x00, 0xd6, 0x00, 0x00, 0x00, 0x02, 0xc1, 0x00, 0x00, 0x3e,
    0x40, 0x00, 0x00, 0x1a, 0x20, 0x00, 0x00, 0x06, 0xf7, 0x00, 0x01, 0x91,
    0x00, 0x00, 0x00, 0x00, 0x7f, 0xb2, 0x26, 0x00, 0x00, 0x00, 0x00, 0x00,
    0x04, 0x00, 0x00, 0x00, 0x00, 0x00, 0x00, 0x00, 0x00, 0x00, 0x00, 0x00,
    0x00, 0x00, 0x00, 0x00, 0x00, 0x00, 0x08, 0x80, 0x00, 0x00, 0x00, 0x00,
    0x08, 0x60, 0x00, 0x00, 0x00, 0x00, 0x08, 0x60, 0x00, 0x00, 0x67, 0x66,
    0x6b, 0x96, 0x66, 0xb7, 0x68, 0x00, 0x0a, 0x50, 0x00, 0x94, 0x68, 0x00,
    0x0c, 0x20, 0x00, 0x94, 0x68, 0x00, 0x2d, 0x60, 0x00, 0x94, 0x68, 0x00,
    0x86, 0x4c, 0x30, 0x94, 0x68, 0x03, 0xa0, 0x04, 0xe3, 0x94, 0x68, 0x38,
    0x10, 0x00, 0x97, 0x94, 0x6a, 0x50, 0x00, 0x00, 0x12, 0x94, 0x68, 0x00,
    0x00, 0x00, 0x00, 0x94, 0x68, 0x00, 0x00, 0x01, 0x21, 0xb4, 0x68, 0x00,
    0x00, 0x01, 0x5d, 0xe1, 0x32, 0x00, 0x00, 0x00, 0x02, 0x20, 0x00, 0x01,
    0x00, 0x20, 0x11, 0x00, 0x20, 0x00, 0x00, 0x0d, 0x66, 0xe1, 0x2c, 0x66,
    0xe2, 0x00, 0x00, 0x0c, 0x00, 0xc0, 0x2a, 0x00, 0xc0, 0x00, 0x00, 0x0c,
    0x00, 0xc0, 0x2a, 0x00, 0xc0, 0x00, 0x00, 0x0c, 0x00, 0xc0, 0x2a, 0x00,
    0xc0, 0x00, 0x00, 0x0c, 0x00, 0xc0, 0x2a, 0x00, 0xc3, 0x20, 0x06, 0x6d,
    0x66, 0xd6, 0x7c, 0x66, 0xd9, 0x80, 0x00, 0x0c, 0x00, 0xc0, 0x39, 0x00,
    0xc0, 0x00, 0x00, 0x1b, 0x00, 0xc0, 0x48, 0x00, 0xc0, 0x00, 0x00, 0x39,
    0x00, 0xc0, 0x66, 0x00, 0xc0, 0x00, 0x00, 0x65, 0x00, 0xc0, 0x83, 0x00,
    0xc0, 0x00, 0x00, 0xb1, 0x00, 0xc0, 0xb0, 0x00, 0xc0, 0x00, 0x04, 0x50,
    0x47, 0xd3, 0x70, 0x00, 0xd0, 0x00, 0x16, 0x00, 0x06, 0x58, 0x01, 0x7d,
    0xb0, 0x00, 0x10, 0x00, 0x00, 0x21, 0x00, 0x02, 0x10, 0x00, 0x02, 0x10,
    0x00, 0x00, 0x00, 0x00, 0x50, 0x07, 0x86, 0x66, 0x66, 0x66, 0x66, 0xf6,
    0x1e, 0x32, 0x20, 0x00, 0x00, 0x06, 0x40, 0x25, 0x05, 0xb0, 0x00, 0x00,
    0x02, 0x00, 0x00, 0x07, 0x94, 0x44, 0x44, 0x5c, 0x10, 0x00, 0x0a, 0x62,
    0x22, 0x22, 0x22, 0x10, 0x00, 0x0c, 0x20, 0x00, 0x00, 0x00, 0x10, 0x00,
    0x2e, 0x66, 0x66, 0x66, 0x68, 0xc0, 0x00, 0x01, 0x00, 0x00, 0x00, 0x06,
    0x80, 0x00, 0x00, 0x00, 0x00, 0x03, 0x07, 0x60, 0x57, 0x66, 0x66, 0x66,
    0x8b, 0x29, 0x40, 0x00, 0x00, 0x00, 0x00, 0x00, 0x0c, 0x20, 0x00, 0x00,
    0x00, 0x01, 0x32, 0x3e, 0x00, 0x00, 0x00, 0x00, 0x00, 0x3b, 0xf7, 0x00,
    0x00, 0x00, 0x00, 0x00, 0x01, 0x30, 0x00, 0x00, 0x00, 0x02, 0x30, 0x08,
    0x00, 0x00, 0x00, 0x00, 0x00, 0x09, 0xb0, 0x07, 0x00, 0x00, 0x00, 0x00,
    0x00, 0x1e, 0x10, 0x04, 0x50, 0x00, 0x00, 0x00, 0x00, 0x97, 0x00, 0x00,
    0xa1, 0x00, 0x00, 0x00, 0x04, 0xb0, 0x00, 0x00, 0x3b, 0x10, 0x00, 0x00,
    0x1b, 0x10, 0x00, 0x00, 0x06, 0xc3, 0x00, 0x01, 0x94, 0x66, 0x77, 0x66,
    0x8b, 0x6e, 0xa1, 0x15, 0x00, 0x00, 0xa4, 0x00, 0x58, 0x02, 0x10, 0x00,
    0x00, 0x00, 0xd1, 0x00, 0x68, 0x00, 0x00, 0x00, 0x00, 0x03, 0xc0, 0x00,
    0x77, 0x00, 0x00, 0x00, 0x00, 0x08, 0x50, 0x00, 0x86, 0x00, 0x00, 0x00,
    0x00, 0x2b, 0x00, 0x00, 0xa4, 0x00, 0x00, 0x00, 0x01, 0xa2, 0x01, 0x11,
    0xd1, 0x00, 0x00, 0x00, 0x47, 0x10, 0x01, 0x9f, 0x90, 0x00, 0x00, 0x02,
    0x20, 0x00, 0x00, 0x04, 0x00, 0x00, 0x00, 0x00, 0x00, 0x00, 0x00, 0x10,
    0x00, 0x08, 0x40, 0x26, 0x66, 0x66, 0x6d, 0x70, 0x00, 0xb3, 0x00, 0x20,
    0x7a, 0x00, 0x00, 0x10, 0x0a, 0x30, 0x00, 0x0b, 0x40, 0x00, 0x0b, 0x40,
    0xa3, 0x00, 0x02, 0xe5, 0x58, 0x60, 0xb2, 0x0a, 0x30, 0x00, 0x77, 0x11,
    0xb6, 0x0b, 0x20, 0xa3, 0x00, 0x1d, 0x40, 0x0e, 0x00, 0xa2, 0x0a, 0x30,
    0x08, 0x3b, 0x35, 0xa0, 0x0b, 0x20, 0xa3, 0x03, 0x40, 0x87, 0xb4, 0x00,
    0xb2, 0x0a, 0x30, 0x30, 0x02, 0x4b, 0x00, 0x0b, 0x20, 0xa3, 0x00, 0x00,
    0x1c, 0x20, 0x00, 0xb3, 0x0a, 0x30, 0x00, 0x0a, 0x40, 0x00, 0x03, 0x00,
    0xa3, 0x00, 0x19, 0x40, 0x00, 0x00, 0x22, 0x2c, 0x30, 0x37, 0x10, 0x00,
    0x00, 0x01, 0x5e, 0xd0, 0x02, 0x00, 0x00, 0x00, 0x00, 0x00, 0x32, 0x00,
    0x00, 0x00, 0x00, 0x00, 0x00, 0x00, 0x00, 0x00, 0x00, 0x01, 0x01, 0x01,
    0x00, 0x00, 0x78, 0x00, 0xa6, 0xc4, 0xb6, 0xa6, 0x00, 0x07, 0x60, 0x0a,
    0x19, 0x2b, 0x08, 0x40, 0xa3, 0x76, 0x00, 0xa1, 0x92, 0xb0, 0x84, 0x0b,
    0x17, 0x60, 0x0a, 0x19, 0x2b, 0x08, 0x40, 0xa1, 0x76, 0x00, 0xa1, 0x92,
    0xb0, 0x84, 0x0a, 0x17, 0x61, 0x7c, 0x6c, 0x7d, 0x6a, 0xa7, 0xa1, 0x76,
    0x00, 0xb0, 0x92, 0xb0, 0x84, 0x0a, 0x17, 0x60, 0x0b, 0x09, 0x2b, 0x08,
    0x40, 0xb1, 0x76, 0x00, 0xb0, 0x92, 0xb0, 0x84, 0x0b, 0x17, 0x60, 0x1a,
    0x09, 0x2a, 0x08, 0x40, 0x81, 0x76, 0x05, 0x50, 0xa5, 0x70, 0x84, 0x00,
    0x07, 0x60, 0x82, 0x8e, 0x81, 0x08, 0x40, 0x10, 0x86, 0x25, 0x01, 0x57,
    0x19, 0xe2, 0x03, 0xaf, 0x31, 0x00, 0x02, 0x00, 0x02, 0x00, 0x00, 0x30,
    0x00, 0x00, 0x00, 0x05, 0x00, 0x00, 0x66, 0x37, 0x66, 0x96, 0x79, 0x30,
    0x00, 0x76, 0x00, 0x07, 0xc1, 0x00, 0x06, 0x60, 0x76, 0x00, 0x2a, 0x13,
    0x30, 0x07, 0x60, 0x76, 0x01, 0x80, 0x00, 0x96, 0x07, 0x60, 0x76, 0x2e,
    0xa8, 0x96, 0x6e, 0x47, 0x60, 0x76, 0x04, 0x01, 0xe1, 0x07, 0x37, 0x60,
    0x76, 0x00, 0x01, 0xc0, 0x00, 0x07, 0x60, 0x76, 0x25, 0x55, 0xd5, 0x7b,
    0x17, 0x60, 0x76, 0x11, 0x12, 0xc1, 0x11, 0x07, 0x60, 0x76, 0x00, 0x01,
    0xc0, 0x00, 0x07, 0x50, 0x76, 0x00, 0x01, 0xc1, 0x46, 0x20, 0x00, 0x76,
    0x36, 0x8a, 0xb7, 0x30, 0x00, 0x10, 0x85, 0x8a, 0x51, 0x00, 0x00, 0x00,
    0x5c, 0xf3, 0x00, 0x00, 0x00, 0x00, 0x00, 0x01, 0x40, 0x00, 0x00, 0x37,
    0x00, 0x00, 0xa5, 0x00, 0x00, 0x00, 0x00, 0x0a, 0x80, 0x03, 0xb1, 0x00,
    0x00, 0x00, 0x00, 0x03, 0x60, 0x08, 0x10, 0x08, 0x50, 0x07, 0x66, 0x66,
    0x66, 0x66, 0x66, 0x66, 0x50, 0x00, 0x32, 0x11, 0x53, 0x00, 0x00, 0xa4,
    0x00, 0x00, 0x69, 0x55, 0xb6, 0x08, 0x60, 0xb1, 0x00, 0x00, 0x67, 0x00,
    0x84, 0x08, 0x50, 0xb1, 0x00, 0x00, 0x6a, 0x66, 0xb4, 0x08, 0x50, 0xb1,
    0x00, 0x00, 0x67, 0x00, 0x84, 0x08, 0x50, 0xb1, 0x00, 0x00, 0x68, 0x33,
    0xa4, 0x08, 0x50, 0xb1, 0x00, 0x00, 0x68, 0x33, 0xa4, 0x08, 0x50, 0xb1,
    0x00, 0x00, 0x67, 0x00, 0x84, 0x08, 0x40, 0xb1, 0x00, 0x00, 0x67, 0x00,
    0x94, 0x01, 0x22, 0xd1, 0x00, 0x00, 0x67, 0x17, 0xe2, 0x01, 0x5e, 0xc0,
    0x00, 0x00, 0x21, 0x00, 0x30, 0x00, 0x03, 0x10, 0x00, 0x00, 0x00, 0x00,
    0x00, 0x00, 0x00, 0x00, 0x00, 0x00, 0x00, 0x00, 0x00, 0x0d, 0x20, 0x00,
    0x00, 0x00, 0x00, 0x00, 0x00, 0xd0, 0x00, 0x00, 0x46, 0x66, 0x6a, 0x80,
    0x0d, 0x00, 0x00, 0x01, 0x10, 0xc0, 0x00, 0x00, 0xc0, 0x01, 0x10, 0x00,
    0x0c, 0x00, 0x56, 0x6d, 0x66, 0xaa, 0x00, 0x00, 0xc0, 0x00, 0x01, 0xb0,
    0x07, 0x60, 0x00, 0x0c, 0x00, 0x00, 0x39, 0x00, 0x85, 0x00, 0x00, 0xc0,
    0x00, 0x05, 0x60, 0x09, 0x40, 0x00, 0x0c, 0x00, 0x00, 0x93, 0x00, 0x94,
    0x00, 0x00, 0xd5, 0x65, 0x1c, 0x00, 0x0a, 0x30, 0x59, 0xb8, 0x20, 0x07,
    0x50, 0x00, 0xb2, 0x08, 0x60, 0x00, 0x03, 0xa0, 0x00, 0x0d, 0x10, 0x00,
    0x00, 0x03, 0x91, 0x15, 0x23, 0xd0, 0x00, 0x00, 0x06, 0x60, 0x00, 0x3b,
    0xf7, 0x00, 0x00, 0x03, 0x10, 0x00, 0x00, 0x04, 0x00, 0x00, 0x00, 0x01,
    0x00, 0x00, 0x00, 0x00, 0x00, 0x00, 0x00, 0x0a, 0x70, 0x00, 0x00, 0x00,
    0x00, 0x00, 0x00, 0x2e, 0x66, 0x66, 0xa8, 0x00, 0x00, 0x00, 0x00, 0x98,
    0x00, 0x01, 0xd3, 0x00, 0x00, 0x00, 0x04, 0x82, 0x80, 0x09, 0x70, 0x00,
    0x00, 0x00, 0x19, 0x00, 0x48, 0x79, 0x00, 0x00, 0x00, 0x00, 0x60, 0x00,
    0x0b, 0xd1, 0x00, 0x00, 0x00, 0x00, 0x00, 0x03, 0xa5, 0x4c, 0x82, 0x00,
    0x00, 0x00, 0x02, 0x87, 0x2c, 0x11, 0x7d, 0xda, 0x81, 0x05, 0x65, 0x00,
    0x4a, 0x00, 0x05, 0x49, 0x20, 0x01, 0x06, 0x76, 0xa9, 0x66, 0x6e, 0x20,
    0x00, 0x00, 0x00, 0x00, 0xc2, 0x00, 0x0d, 0x00, 0x00, 0x00, 0x00, 0x05,
    0x90, 0x00, 0x2b, 0x00, 0x00, 0x00, 0x00, 0x4a, 0x10, 0x00, 0x69, 0x00,
    0x00, 0x00, 0x27, 0x60, 0x00, 0x7c, 0xe3, 0x00, 0x00, 0x02, 0x40, 0x00,
    0x00, 0x04, 0x30, 0x00, 0x00, 0x00, 0x00, 0x00, 0x00, 0x00, 0xa1, 0x00,
    0x00, 0x00, 0x00, 0x05, 0x00, 0x0d, 0x00, 0x00, 0x04, 0x76, 0x66, 0x82,
    0x00, 0xc0, 0x00, 0x00, 0x00, 0x00, 0x00, 0x00, 0x0c, 0x00, 0x22, 0x00,
    0x00, 0x00, 0x03, 0x66, 0xd6, 0x6a, 0x91, 0x66, 0x67, 0x67, 0xb1, 0x0c,
    0x00, 0x75, 0x00, 0x06, 0xd1, 0x00, 0x00, 0xc0, 0x07, 0x50, 0x00, 0xc3,
    0x10, 0x00, 0x39, 0x00, 0x85, 0x00, 0x47, 0x05, 0x40, 0x06, 0x60, 0x08,
    0x40, 0x09, 0x00, 0x0b, 0x30, 0xa2, 0x00, 0x94, 0x09, 0x56, 0x76, 0x8b,
    0x2a, 0x00, 0x0a, 0x30, 0xc9, 0x41, 0x00, 0x79, 0x20, 0x00, 0xc2, 0x00,
    0x00, 0x00, 0x06, 0x40, 0x32, 0x2e, 0x00, 0x00, 0x00, 0x06, 0x30, 0x02,
    0xaf, 0x80, 0x00, 0x00, 0x03, 0x10, 0x00, 0x00, 0x40, 0x00, 0x00, 0x00,
    0x00, 0x00, 0x00, 0x00, 0x00, 0x00, 0x00, 0x00, 0x00, 0x4a, 0x00, 0x00,
    0x00, 0x00, 0x00, 0x00, 0x00, 0x49, 0x00, 0x00, 0x00, 0x00, 0x00, 0x00,
    0x00, 0x4b, 0x44, 0x45, 0xc2, 0x00, 0x00, 0x00, 0x00, 0x4a, 0x22, 0x22,
    0x21, 0x00, 0x00, 0x00, 0x00, 0x49, 0x00, 0x00, 0x00, 0x00, 0x01, 0x11,
    0x11, 0x4a, 0x11, 0x11, 0x19, 0x60, 0x06, 0x55, 0x55, 0x7b, 0x55, 0x55,
    0x55, 0x50, 0x00, 0x00, 0x00, 0x4b, 0x00, 0x00, 0x00, 0x00, 0x00, 0x00,
    0x00, 0x4b, 0x77, 0x30, 0x00, 0x00, 0x00, 0x00, 0x00, 0x49, 0x04, 0xbd,
    0x60, 0x00, 0x00, 0x00, 0x00, 0x49, 0x00, 0x05, 0xe2, 0x00, 0x00, 0x00,
    0x00, 0x49, 0x00, 0x00, 0x21, 0x00, 0x00, 0x00, 0x00, 0x49, 0x00, 0x00,
    0x00, 0x00, 0x00, 0x00, 0x00, 0x4a, 0x00, 0x00, 0x00, 0x00, 0x00, 0x00,
    0x00, 0x22, 0x00, 0x00, 0x00, 0x00, 0x00, 0x00, 0x00, 0x10, 0x00, 0x00,
    0x00, 0x00, 0x00, 0x00, 0x00, 0x1b, 0x30, 0x00, 0x00, 0x00, 0x00, 0x00,
    0x00, 0x07, 0x90, 0x00, 0x09, 0x40, 0x06, 0x76, 0x66, 0xd6, 0x6d, 0x66,
    0x67, 0x60, 0x00, 0x00, 0x50, 0xd0, 0x0d, 0x10, 0x00, 0x00, 0x00, 0x07,
    0xc1, 0xd0, 0x0d, 0x07, 0x60, 0x00, 0x00, 0x3b, 0x10, 0xd0, 0x0d, 0x00,
    0x6c, 0x30, 0x01, 0x91, 0x00, 0xd0, 0x0d, 0x01, 0x06, 0xc0, 0x16, 0x06,
    0x67, 0xb6, 0x6b, 0x6d, 0x60, 0x20, 0x00, 0x00, 0x05, 0x30, 0x00, 0x8a,
    0x00, 0x00, 0x00, 0x00, 0x00, 0x91, 0x06, 0xb0, 0x00, 0x00, 0x00, 0x00,
    0x00, 0x1a, 0x7b, 0x10, 0x00, 0x00, 0x00, 0x00, 0x00, 0x1a, 0xe4, 0x00,
    0x00, 0x00, 0x00, 0x00, 0x06, 0xa5, 0x2b, 0xa5, 0x10, 0x00, 0x00, 0x37,
    0x84, 0x00, 0x00, 0x4a, 0xec, 0x91, 0x14, 0x20, 0x00, 0x00, 0x00, 0x00,
    0x14, 0x20, 0x00, 0x14, 0x00, 0x00, 0x00, 0x43, 0x00, 0x01, 0xd6, 0x66,
    0x66, 0x6a, 0x80, 0x00, 0x1c, 0x00, 0x00, 0x00, 0x86, 0x00, 0x01, 0xc0,
    0x00, 0x00, 0x08, 0x60, 0x00, 0x1c, 0x00, 0x00, 0x00, 0x86, 0x00, 0x01,
    0xc0, 0x00, 0x00, 0x08, 0x60, 0x00, 0x1c, 0x00, 0x00, 0x00, 0x86, 0x00,
    0x02, 0xd6, 0x66, 0x66, 0x6a, 0x60, 0x00, 0x26, 0x15, 0x00, 0x20, 0x31,
    0x00, 0x00, 0x07, 0xd2, 0x02, 0x91, 0x00, 0x00, 0x02, 0xd2, 0x00, 0x03,
    0xd3, 0x00, 0x01, 0xb3, 0x00, 0x00, 0x06, 0xe3, 0x00, 0x93, 0x00, 0x00,
    0x00, 0x0c, 0x90, 0x82, 0x00, 0x00, 0x00, 0x00, 0x47, 0x20, 0x00, 0x00,
    0x00, 0x00, 0x00, 0x00, 0x00, 0x00, 0x00, 0x00, 0x00, 0x00, 0x01, 0x10,
    0x06, 0x66, 0x66, 0x66, 0x66, 0x66, 0x6b, 0xb1, 0x01, 0x00, 0x00, 0x00,
    0x00, 0x08, 0x50, 0x00, 0x00, 0x00, 0x00, 0x00, 0x00, 0x08, 0x50, 0x00,
    0x00, 0x0b, 0x66, 0x6a, 0x80, 0x08, 0x50, 0x00, 0x00, 0x0e, 0x00, 0x08,
    0x60, 0x08, 0x50, 0x00, 0x00, 0x0d, 0x00, 0x08, 0x60, 0x08, 0x50, 0x00,
    0x00, 0x0d, 0x00, 0x08, 0x60, 0x08, 0x50, 0x00, 0x00, 0x0d, 0x00, 0x08,
    0x60, 0x08, 0x50, 0x00, 0x00, 0x0e, 0x66, 0x6a, 0x60, 0x08, 0x50, 0x00,
    0x00, 0x0e, 0x00, 0x04, 0x30, 0x08, 0x50, 0x00, 0x00, 0x02, 0x00, 0x00,
    0x00, 0x08, 0x50, 0x00, 0x00, 0x00, 0x00, 0x00, 0x15, 0x4b, 0x40, 0x00,
    0x00, 0x00, 0x00, 0x00, 0x02, 0xad, 0x10, 0x00, 0x00, 0x00, 0x00, 0x00,
    0x00, 0x11, 0x00, 0x00, 0x00, 0x00, 0x00, 0x00, 0x00, 0x00, 0x00, 0x00,
    0x00, 0x02, 0xd3, 0x00, 0x00, 0x00, 0x00, 0x00, 0x0b, 0x91, 0x00, 0x00,
    0x00, 0x00, 0x00, 0x88, 0x00, 0x00, 0x00, 0x00, 0x00, 0x06, 0x80, 0x00,
    0x07, 0x50, 0x00, 0x00, 0x68, 0x00, 0x00, 0x00, 0x7b, 0x20, 0x0a, 0xc5,
    0x66, 0x67, 0x76, 0x6c, 0xe1, 0x09, 0xc8, 0x54, 0x21, 0x00, 0x00, 0xc2,
    0x00, 0x10, 0x00, 0x00, 0x00, 0x10, 0x00, 0x00, 0x4a, 0x66, 0x66, 0x66,
    0xc6, 0x00, 0x00, 0x49, 0x00, 0x00, 0x00, 0xa3, 0x00, 0x00, 0x49, 0x00,
    0x00, 0x00, 0xa3, 0x00, 0x00, 0x49, 0x00, 0x00, 0x00, 0xa3, 0x00, 0x00,
    0x4a, 0x22, 0x22, 0x22, 0xb3, 0x00, 0x00, 0x4b, 0x44, 0x44, 0x44, 0xb3,
    0x00, 0x00, 0x21, 0x00, 0x00, 0x00, 0x20, 0x00, 0x40, 0x00, 0x00, 0x00,
    0x00, 0x05, 0x1b, 0x76, 0x66, 0x66, 0x66, 0x66, 0xd3, 0xb3, 0x00, 0x00,
    0x00, 0x00, 0x0c, 0x1a, 0x33, 0x55, 0x55, 0x5a, 0x90, 0xc1, 0xa3, 0x22,
    0x11, 0x11, 0x11, 0x0c, 0x1a, 0x30, 0x20, 0x00, 0x04, 0x00, 0xc1, 0xa3,
    0x0a, 0x76, 0x66, 0xe1, 0x0c, 0x1a, 0x30, 0xa3, 0x00, 0x0c, 0x00, 0xc1,
    0xa3, 0x09, 0x30, 0x00, 0xc0, 0x0c, 0x1a, 0x30, 0xa7, 0x66, 0x6c, 0x00,
    0xc1, 0xa3, 0x0a, 0x20, 0x00, 0xa0, 0x0c, 0x1a, 0x30, 0x00, 0x00, 0x00,
    0x00, 0xc1, 0xb3, 0x00, 0x00, 0x00, 0x23, 0x2e, 0x1c, 0x30, 0x00, 0x00,
    0x01, 0x6e, 0xb0, 0x30, 0x00, 0x00, 0x00, 0x00, 0x31, 0x00, 0x00, 0x00,
    0x00, 0x96, 0x00, 0x00, 0x00, 0x00, 0x00, 0x01, 0xe3, 0x00, 0x00, 0x20,
    0x00, 0x00, 0x09, 0xa6, 0x66, 0x67, 0xe2, 0x00, 0x00, 0x4a, 0x00, 0x00,
    0x0c, 0x60, 0x00, 0x02, 0xb8, 0x20, 0x00, 0x9a, 0x00, 0x00, 0x28, 0x13,
    0xe2, 0x08, 0xb0, 0x00, 0x00, 0x50, 0x00, 0x71, 0x9a, 0x00, 0x00, 0x00,
    0x00, 0x00, 0x1b, 0x80, 0x00, 0x00, 0x00, 0x00, 0x08, 0xd8, 0x55, 0x55,
    0x87, 0x00, 0x02, 0xac, 0x51, 0x11, 0x11, 0x77, 0x03, 0x66, 0x08, 0x50,
    0x00, 0x00, 0x77, 0x01, 0x00, 0x08, 0x50, 0x00, 0x00, 0x77, 0x00, 0x00,
    0x09, 0x73, 0x33, 0x33, 0x87, 0x00, 0x00, 0x09, 0x73, 0x33, 0x33, 0x86,
    0x00, 0x00, 0x02, 0x00, 0x00, 0x00, 0x00, 0x00, 0x00, 0x00, 0x00, 0x00,
    0x02, 0x75, 0x00, 0x00, 0x41, 0x24, 0x57, 0x9a, 0xa8, 0x60, 0x00, 0x0b,
    0x74, 0x32, 0x00, 0x00, 0x00, 0x00, 0x00, 0xb3, 0x00, 0x00, 0x00, 0x00,
    0x00, 0x00, 0x0b, 0x41, 0x11, 0x11, 0x11, 0x19, 0x20, 0x00, 0xb7, 0x55,
    0x55, 0x55, 0x55, 0x53, 0x00, 0x0b, 0x30, 0x00, 0x00, 0x00, 0x00, 0x00,
    0x00, 0xc2, 0x33, 0x11, 0x11, 0x16, 0x10, 0x00, 0x0d, 0x15, 0xb5, 0x55,
    0x55, 0xd3, 0x00, 0x00, 0xd0, 0x58, 0x00, 0x00, 0x0c, 0x10, 0x00, 0x39,
    0x05, 0x80, 0x00, 0x00, 0xc1, 0x00, 0x08, 0x30, 0x58, 0x00, 0x00, 0x0c,
    0x10, 0x01, 0x80, 0x05, 0xb6, 0x66, 0x66, 0xd1, 0x00, 0x61, 0x00, 0x67,
    0x00, 0x00, 0x08, 0x10, 0x12, 0x00, 0x00, 0x00, 0x00, 0x00, 0x00, 0x00,
    0x00, 0x00, 0x00, 0x00, 0x00, 0x00, 0x00, 0x00, 0x00, 0x00, 0x07, 0x70,
    0x00, 0x00, 0x00, 0x01, 0x00, 0x01, 0xe0, 0x00, 0x20, 0x00, 0x09, 0x86,
    0x66, 0x76, 0x66, 0xc6, 0x00, 0x09, 0x50, 0x00, 0x00, 0x00, 0xa3, 0x00,
    0x09, 0x50, 0x00, 0x00, 0x00, 0xa3, 0x00, 0x09, 0x96, 0x66, 0x66, 0x66,
    0xc3, 0x00, 0x09, 0x40, 0x00, 0x00, 0x00, 0x41, 0x00, 0x0a, 0x42, 0x00,
    0x00, 0x00, 0x20, 0x00, 0x0c, 0x29, 0x86, 0x66, 0x66, 0xd3, 0x00, 0x0d,
    0x08, 0x50, 0x00, 0x00, 0xc1, 0x00, 0x2b, 0x08, 0x50, 0x00, 0x00, 0xc1,
    0x00, 0x74, 0x08, 0x50, 0x00, 0x00, 0xc1, 0x01, 0x90, 0x09, 0x96, 0x66,
    0x66, 0xd1, 0x07, 0x10, 0x09, 0x40, 0x00, 0x00, 0xa1, 0x01, 0x00, 0x01,
    0x00, 0x00, 0x00, 0x00, 0x00, 0x00, 0x00, 0x47, 0x00, 0x00, 0x00, 0x00,
    0x02, 0x58, 0xca, 0x71, 0x10, 0x00, 0x10, 0x02, 0x31, 0x49, 0x00, 0x0b,
    0x66, 0x6c, 0x60, 0x00, 0x04, 0x90, 0x00, 0xc2, 0x00, 0xa3, 0x02, 0x44,
    0x7b, 0x49, 0x4b, 0x20, 0x0a, 0x30, 0x12, 0x2b, 0xa2, 0x21, 0xb2, 0x00,
    0xa3, 0x00, 0x02, 0xfc, 0x30, 0x0b, 0x20, 0x0a, 0x30, 0x00, 0x98, 0xa8,
    0xb1, 0xb2, 0x00, 0xa3, 0x00, 0x29, 0x49, 0x09, 0x5b, 0x20, 0x0a, 0x30,
    0x0a, 0x14, 0x90, 0x00, 0xb2, 0x00, 0xa3, 0x07, 0x20, 0x49, 0x00, 0x0c,
    0x76, 0x6c, 0x31, 0x20, 0x04, 0xa0, 0x00, 0xc2, 0x00, 0xa3, 0x00, 0x00,
    0x4a, 0x00, 0x07, 0x10, 0x01, 0x00, 0x00, 0x04, 0xa0, 0x00, 0x00, 0x00,
    0x00, 0x00, 0x00, 0x11, 0x00, 0x00, 0x00, 0x00, 0x00, 0x00, 0x00, 0x86,
    0x01, 0x92, 0x00, 0x00, 0x00, 0x00, 0x01, 0xd2, 0x00, 0x69, 0x00, 0x02,
    0x00, 0x00, 0x08, 0xb6, 0x66, 0x88, 0x66, 0x6d, 0x50, 0x00, 0x2e, 0x50,
    0x00, 0xb1, 0x00, 0x10, 0x00, 0x00, 0x9a, 0x96, 0x66, 0xd6, 0x66, 0xb6,
    0x00, 0x06, 0x28, 0x50, 0x00, 0xb1, 0x00, 0x40, 0x00, 0x22, 0x08, 0x96,
    0x66, 0xd6, 0x66, 0x93, 0x00, 0x00, 0x09, 0x50, 0x00, 0xb1, 0x00, 0x06,
    0x30, 0x00, 0x09, 0x96, 0x66, 0x76, 0x66, 0x67, 0x60, 0x00, 0x02, 0x62,
    0x22, 0x22, 0x22, 0x70, 0x00, 0x00, 0x00, 0xe4, 0x44, 0x44, 0x44, 0xd1,
    0x00, 0x00, 0x00, 0xd0, 0x00, 0x00, 0x01, 0xc0, 0x00, 0x00, 0x00, 0xd0,
    0x00, 0x00, 0x01, 0xc0, 0x00, 0x00, 0x00, 0xe6, 0x66, 0x66, 0x66, 0xd0,
    0x00, 0x00, 0x00, 0x40, 0x00, 0x00, 0x00, 0x30, 0x00, 0x85, 0x55, 0x55,
    0x55, 0x55, 0x5b, 0x1e, 0x11, 0x11, 0x53, 0x11, 0x12, 0xd0, 0xd0, 0x00,
    0x07, 0x70, 0x00, 0x1c, 0x0d, 0x00, 0x00, 0x76, 0x01, 0x71, 0xc0, 0xd2,
    0x86, 0x6a, 0x96, 0x66, 0x3c, 0x0d, 0x00, 0x00, 0x76, 0x00, 0x01, 0xc0,
    0xd0, 0x08, 0x6a, 0x96, 0xb2, 0x1c, 0x0d, 0x00, 0xc1, 0x00, 0x0c, 0x01,
    0xc0, 0xd0, 0x0b, 0x10, 0x00, 0xc0, 0x1c, 0x0d, 0x00, 0xb1, 0x00, 0x0c,
    0x01, 0xc0, 0xd0, 0x0c, 0x66, 0x66, 0xd0, 0x1c, 0x0d, 0x00, 0x80, 0x00,
    0x08, 0x01, 0xc0, 0xe5, 0x55, 0x55, 0x55, 0x55, 0x5c, 0x0e, 0x11, 0x11,
    0x11, 0x11, 0x12, 0xd0, 0x50, 0x00, 0x00, 0x00, 0x00, 0x03, 0x00, 0x85,
    0x55, 0x55, 0x55, 0x55, 0x59, 0x3c, 0x31, 0x1a, 0x41, 0x11, 0x11, 0xb3,
    0xb2, 0x02, 0xe5, 0x55, 0x91, 0x0a, 0x3b, 0x20, 0x89, 0x11, 0x6b, 0x10,
    0xa3, 0xb2, 0x26, 0x36, 0x2c, 0x10, 0x0a, 0x3b, 0x26, 0x00, 0x9c, 0x30,
    0x00, 0xa3, 0xb2, 0x00, 0x2b, 0xb6, 0x00, 0x0a, 0x3b, 0x20, 0x78, 0x10,
    0x7d, 0x95, 0xb3, 0xb6, 0x62, 0x07, 0xb2, 0x18, 0x4a, 0x3b, 0x20, 0x00,
    0x05, 0x60, 0x00, 0xa3, 0xb2, 0x01, 0x69, 0x73, 0x00, 0x0a, 0x3b, 0x20,
    0x00, 0x16, 0xd4, 0x00, 0xa3, 0xc5, 0x44, 0x44, 0x45, 0x64, 0x4c, 0x3c,
    0x42, 0x22, 0x22, 0x22, 0x22, 0xb3, 0x40, 0x00, 0x00, 0x00, 0x00, 0x02,
    0x00, 0x00, 0x00, 0x00, 0x00, 0x00, 0x00, 0x00, 0x00, 0x00, 0x00, 0x00,
    0x3c, 0x10, 0x00, 0x00, 0x00, 0x00, 0x00, 0x00, 0x88, 0x00, 0x00, 0x01,
    0x00, 0x03, 0x55, 0x55, 0xd6, 0x55, 0x55, 0x7e, 0x30, 0x02, 0x21, 0x16,
    0xa1, 0x14, 0x11, 0x11, 0x10, 0x00, 0x00, 0x0c, 0x20, 0x0e, 0x10, 0x00,
    0x00, 0x00, 0x00, 0x86, 0x00, 0x0d, 0x00, 0x00, 0x00, 0x00, 0x09, 0xa0,
    0x00, 0x0d, 0x00, 0x23, 0x00, 0x00, 0x3e, 0x43, 0x76, 0x6e, 0x66, 0x78,
    0x00, 0x03, 0x8a, 0x40, 0x00, 0x0d, 0x00, 0x00, 0x00, 0x25, 0x09, 0x40,
    0x00, 0x0d, 0x00, 0x00, 0x00, 0x00, 0x09, 0x40, 0x00, 0x0d, 0x00, 0x00,
    0x00, 0x00, 0x09, 0x40, 0x00, 0x0d, 0x00, 0x01, 0x00, 0x00, 0x09, 0x57,
    0x66, 0x6d, 0x66, 0x6c, 0x90, 0x00, 0x0a, 0x41, 0x00, 0x00, 0x00, 0x00,
    0x00, 0x00, 0x03, 0x00, 0x00, 0x00, 0x00, 0x00, 0x00, 0x00, 0x05, 0x00,
    0x00, 0x05, 0x80, 0x00, 0x00, 0x00, 0x0e, 0x10, 0x00, 0x05, 0x80, 0x00,
    0x00, 0x00, 0x0d, 0x00, 0x1b, 0x05, 0x80, 0x00, 0x00, 0x00, 0x0d, 0x00,
    0x1b, 0x05, 0x80, 0x25, 0x00, 0x00, 0x0d, 0x01, 0x1b, 0x05, 0xa6, 0x8b,
    0x00, 0x17, 0x6e, 0x79, 0x1c, 0x59, 0x80, 0x48, 0x00, 0x00, 0x0d, 0x05,
    0x6c, 0x05, 0x80, 0x48, 0x00, 0x00, 0x0d, 0x12, 0x1b, 0x05, 0x80, 0x48,
    0x00, 0x00, 0x0d, 0x00, 0x1b, 0x05, 0x80, 0x48, 0x00, 0x00, 0x0d, 0x00,
    0x1b, 0x05, 0x87, 0xc7, 0x00, 0x00, 0x0d, 0x26, 0x3b, 0x05, 0x80, 0x51,
    0x50, 0x02, 0x7d, 0x61, 0x1b, 0x02, 0x10, 0x00, 0x80, 0x2e, 0x70, 0x00,
    0x1d, 0x00, 0x00, 0x02, 0xe2, 0x01, 0x00, 0x00, 0x08, 0xcb, 0xbb, 0xbc,
    0xa1, 0x00, 0x0c, 0x30, 0x00, 0x00, 0xa3, 0x00, 0x00, 0x00, 0x0e, 0x00,
    0x00, 0x00, 0xd0, 0x00, 0x00, 0x00, 0x0e, 0x00, 0x00, 0x00, 0xd0, 0x00,
    0x00, 0x00, 0x0e, 0x00, 0x00, 0x00, 0xd0, 0x00, 0x00, 0x01, 0x1e, 0x17,
    0x19, 0x30, 0xd0, 0x00, 0x00, 0x07, 0x5e, 0x55, 0x2b, 0x20, 0xd0, 0x07,
    0x30, 0x00, 0x0e, 0x00, 0x0b, 0x20, 0xd6, 0x66, 0x50, 0x00, 0x0e, 0x00,
    0x0b, 0x20, 0xd0, 0x00, 0x00, 0x00, 0x0e, 0x00, 0x0b, 0x20, 0xd0, 0x00,
    0x00, 0x00, 0x0e, 0x00, 0x0b, 0x20, 0xd0, 0x00, 0x00, 0x00, 0x0e, 0x66,
    0x2b, 0x20, 0xd0, 0x00, 0x00, 0x18, 0xc9, 0x20, 0x0b, 0x20, 0xd0, 0x00,
    0x00, 0x09, 0x20, 0x00, 0x0b, 0x20, 0xd0, 0x04, 0x30, 0x00, 0x00, 0x28,
    0x68, 0x66, 0x96, 0x69, 0x80, 0x00, 0x00, 0x00, 0x00, 0x00, 0x00, 0x00,
    0x00, 0x00, 0x00, 0x06, 0xa0, 0x00, 0x00, 0x00, 0x00, 0x00, 0x00, 0x0c,
    0x95, 0x55, 0x69, 0x00, 0x00, 0x00, 0x00, 0x5c, 0x31, 0x11, 0xc8, 0x00,
    0x00, 0x00, 0x01, 0xb1, 0x80, 0x07, 0xa0, 0x00, 0x00, 0x00, 0x09, 0x20,
    0x48, 0x5c, 0x10, 0x00, 0x00, 0x00, 0x51, 0x00, 0x0b, 0xd1, 0x00, 0x00,
    0x00, 0x00, 0x00, 0x01, 0x99, 0x8b, 0x20, 0x00, 0x00, 0x00, 0x00, 0x5a,
    0x40, 0x04, 0xcb, 0x63, 0x10, 0x01, 0x68, 0xe6, 0x67, 0x96, 0x6d, 0xce,
    0xa1, 0x14, 0x10, 0xd0, 0x03, 0x90, 0x09, 0x40, 0x00, 0x00, 0x00, 0xd4,
    0x46, 0xb4, 0x4b, 0x40, 0x00, 0x00, 0x00, 0xd2, 0x24, 0xa2, 0x2a, 0x40,
    0x00, 0x00, 0x00, 0xd0, 0x03, 0x90, 0x09, 0x40, 0x00, 0x00, 0x00, 0xe6,
    0x66, 0x66, 0x6c, 0x40, 0x00, 0x00, 0x00, 0x50, 0x00, 0x00, 0x02, 0x00,
    0x00, 0x00, 0x00, 0x00, 0x00, 0x00, 0x00, 0x00, 0x00, 0x00, 0x00, 0x08,
    0x80, 0x00, 0x00, 0x00, 0x00, 0x25, 0x00, 0x87, 0x00, 0x00, 0x00, 0x00,
    0x05, 0xc1, 0x08, 0x70, 0x00, 0x10, 0x00, 0x00, 0x99, 0x66, 0xaa, 0x66,
    0x8e, 0x20, 0x00, 0x0b, 0x00, 0x08, 0x60, 0x00, 0x00, 0x00, 0x04, 0x40,
    0x00, 0xa5, 0x00, 0x00, 0x00, 0x00, 0x30, 0x00, 0x0b, 0x30, 0x00, 0x08,
    0x10, 0x47, 0x66, 0x66, 0xe8, 0x66, 0x67, 0x86, 0x00, 0x00, 0x00, 0x3c,
    0x24, 0x00, 0x00, 0x00, 0x00, 0x00, 0x09, 0x60, 0x91, 0x00, 0x00, 0x00,
    0x00, 0x02, 0xc0, 0x03, 0xa0, 0x00, 0x00, 0x00, 0x00, 0xb3, 0x00, 0x07,
    0xa1, 0x00, 0x00, 0x02, 0xa3, 0x00, 0x00, 0x08, 0xd5, 0x00, 0x05, 0x71,
    0x00, 0x00, 0x00, 0x07, 0xfa, 0x14, 0x10, 0x00, 0x00, 0x00, 0x00, 0x02,
    0x00, 0x00, 0x00, 0xc3, 0x00, 0x00, 0x00, 0x00, 0x00, 0x00, 0x2d, 0x00,
    0x00, 0x00, 0x00, 0x00, 0x00, 0x04, 0xa0, 0x00, 0x00, 0x00, 0x01, 0x00,
    0x22, 0x78, 0x23, 0x80, 0xc6, 0x66, 0xa8, 0x04, 0x5b, 0x64, 0x6b, 0x0c,
    0x00, 0x08, 0x50, 0x00, 0xc1, 0x06, 0x80, 0xc0, 0x00, 0x85, 0x00, 0x1c,
    0x00, 0x85, 0x0c, 0x00, 0x08, 0x50, 0x04, 0x90, 0x0b, 0x20, 0xc0, 0x00,
    0x85, 0x00, 0x75, 0x00, 0xd0, 0x0c, 0x00, 0x08, 0x50, 0x0a, 0x50, 0x3a,
    0x00, 0xc0, 0x00, 0x85, 0x00, 0x04, 0x8c, 0x80, 0x0c, 0x00, 0x08, 0x50,
    0x00, 0x03, 0xbb, 0xb0, 0xd6, 0x66, 0xa5, 0x00, 0x03, 0xa1, 0x09, 0x3d,
    0x00, 0x08, 0x50, 0x06, 0x70, 0x00, 0x00, 0x70, 0x00, 0x20, 0x04, 0x10,
    0x00, 0x00, 0x00, 0x00, 0x00, 0x00, 0x00, 0x00, 0x00, 0x00, 0x00, 0x00,
    0x00, 0x00, 0x00, 0x59, 0x00, 0x00, 0x2c, 0x20, 0x00, 0x00, 0x08, 0x70,
    0x00, 0x07, 0x90, 0x00, 0x00, 0x00, 0xc2, 0x00, 0x00, 0xc2, 0x01, 0x00,
    0x13, 0x3e, 0x33, 0x70, 0x47, 0x00, 0x74, 0x00, 0x56, 0xa3, 0x6b, 0x1a,
    0x00, 0x00, 0xc6, 0x00, 0x75, 0x06, 0x7a, 0xb9, 0x87, 0x68, 0xe0, 0x0b,
    0x10, 0x94, 0x46, 0x10, 0x00, 0x06, 0x01, 0xb0, 0x0d, 0x10, 0x20, 0x00,
    0x04, 0x00, 0x57, 0x02, 0xb0, 0x0d, 0x66, 0x66, 0xe3, 0x04, 0x84, 0x86,
    0x00, 0xd0, 0x00, 0x0d, 0x00, 0x00, 0x5f, 0x80, 0x0d, 0x00, 0x00, 0xd0,
    0x00, 0x08, 0x6b, 0xa0, 0xd0, 0x00, 0x0d, 0x00, 0x04, 0x70, 0x18, 0x0d,
    0x66, 0x66, 0xe0, 0x04, 0x60, 0x00, 0x00, 0xe0, 0x00, 0x0d, 0x11, 0x20,
    0x00, 0x00, 0x03, 0x00, 0x00, 0x10, 0x00, 0x00, 0x00, 0x00, 0x00, 0x00,
    0x00, 0x00, 0x00, 0x00, 0x00, 0x3c, 0x20, 0x00, 0x00, 0x00, 0x00, 0x00,
    0x00, 0x89, 0x00, 0x00, 0x1a, 0x20, 0x05, 0x66, 0x66, 0xe6, 0x66, 0x66,
    0x66, 0x40, 0x00, 0x00, 0x05, 0x90, 0x00, 0x00, 0x00, 0x00, 0x00, 0x00,
    0x0c, 0x56, 0x66, 0x66, 0xb6, 0x00, 0x00, 0x00, 0xd6, 0x00, 0x00, 0x06,
    0x93, 0x00, 0x00, 0x04, 0xe0, 0x00, 0x02, 0x74, 0x00, 0x00, 0x00, 0x2b,
    0xd0, 0x00, 0x03, 0xc0, 0x00, 0x00, 0x01, 0x91, 0xd0, 0x11, 0x14, 0xb1,
    0x14, 0x70, 0x17, 0x10, 0xd1, 0x65, 0x57, 0xc5, 0x55, 0x51, 0x10, 0x00,
    0xd0, 0x00, 0x03, 0xa0, 0x00, 0x00, 0x00, 0x00, 0xe0, 0x00, 0x03, 0xa0,
    0x00, 0x00, 0x00, 0x00, 0xe0, 0x00, 0x03, 0xa0, 0x00, 0x00, 0x00, 0x00,
    0xe0, 0x02, 0x9e, 0x80, 0x00, 0x00, 0x00, 0x00, 0x50, 0x00, 0x05, 0x00,
    0x00, 0x00, 0x00, 0x00, 0x00, 0x19, 0x10, 0x00, 0x00, 0x00, 0x00, 0x10,
    0x00, 0x06, 0xa0, 0x00, 0x00, 0x00, 0x00, 0x86, 0x66, 0x67, 0x96, 0x66,
    0x6a, 0x40, 0x01, 0xd0, 0x00, 0x00, 0x00, 0x00, 0x0a, 0x30, 0x03, 0x70,
    0x00, 0x00, 0x00, 0x52, 0x21, 0x00, 0x00, 0x05, 0x66, 0x66, 0x66, 0x65,
    0x00, 0x00, 0x00, 0x00, 0x00, 0x00, 0x00, 0x00, 0x01, 0x00, 0x02, 0x55,
    0x55, 0x55, 0x55, 0x55, 0xab, 0x10, 0x00, 0x21, 0x18, 0x71, 0x4a, 0x11,
    0x11, 0x00, 0x00, 0x00, 0x09, 0x40, 0x49, 0x00, 0x00, 0x00, 0x00, 0x00,
    0x0d, 0x10, 0x49, 0x00, 0x00, 0x30, 0x00, 0x00, 0x3a, 0x00, 0x49, 0x00,
    0x01, 0x50, 0x00, 0x02, 0xb2, 0x00, 0x4a, 0x00, 0x03, 0xa0, 0x00, 0x68,
    0x20, 0x00, 0x1b, 0xcb, 0xbd, 0xa0, 0x15, 0x10, 0x00, 0x00, 0x00, 0x00,
    0x00, 0x00, 0x00, 0x00, 0x01, 0x81, 0x00, 0x00, 0x00, 0x00, 0x00, 0x00,
    0x6a, 0x00, 0x00, 0x00, 0x04, 0x54, 0x44, 0x57, 0x44, 0x44, 0xa2, 0x0b,
    0x32, 0x22, 0x22, 0x22, 0x24, 0xc3, 0x4d, 0x00, 0x00, 0x00, 0x00, 0x05,
    0x00, 0x03, 0x44, 0x44, 0x44, 0x44, 0x4d, 0x40, 0x03, 0x32, 0x22, 0x88,
    0x22, 0x22, 0x10, 0x00, 0x15, 0x00, 0x77, 0x00, 0x00, 0x00, 0x00, 0x3e,
    0x20, 0x77, 0x00, 0x23, 0x00, 0x00, 0x5a, 0x00, 0x7a, 0x66, 0x78, 0x00,
    0x00, 0x8a, 0x10, 0x77, 0x00, 0x00, 0x00, 0x00, 0xc1, 0x81, 0x77, 0x00,
    0x00, 0x00, 0x07, 0x50, 0x1a, 0xb8, 0x10, 0x00, 0x00, 0x36, 0x00, 0x00,
    0x5a, 0xee, 0xee, 0xe5, 0x30, 0x00, 0x00, 0x00, 0x00, 0x22, 0x20, 0x00,
    0x00, 0x00, 0x00, 0x00, 0x00, 0x00, 0x00, 0x00, 0x00, 0x00, 0x92, 0x00,
    0x00, 0x00, 0x00, 0x30, 0x00, 0x07, 0x70, 0x00, 0x03, 0x20, 0x1b, 0x66,
    0x67, 0x66, 0x66, 0x66, 0xd8, 0x08, 0x90, 0x00, 0x2a, 0x00, 0x94, 0x35,
    0x00, 0x10, 0x10, 0xc3, 0xc2, 0x8b, 0x30, 0x00, 0x00, 0x09, 0x0c, 0x01,
    0xa9, 0x10, 0x95, 0x00, 0x0a, 0x80, 0xc3, 0xb5, 0x05, 0x01, 0xe3, 0x00,
    0x51, 0x4e, 0xa3, 0x22, 0x95, 0x06, 0x10, 0x45, 0x75, 0x68, 0x98, 0x88,
    0x30, 0x00, 0x00, 0x01, 0x00, 0x08, 0x60, 0x01, 0x00, 0x00, 0x00, 0xd2,
    0x00, 0x94, 0x00, 0x2c, 0x00, 0x00, 0x0c, 0x00, 0x09, 0x40, 0x02, 0xa0,
    0x00, 0x00, 0xc0, 0x00, 0x94, 0x00, 0x2b, 0x00, 0x00, 0x1a, 0x66, 0x67,
    0x66, 0x67, 0xb0, 0x00, 0x00, 0x00, 0x00, 0x00, 0x00, 0x01, 0x00, 0x00,
    0x00, 0x00, 0x00, 0x01, 0x20, 0x03, 0x76, 0x66, 0x66, 0x66, 0x9b, 0x00,
    0x00, 0x00, 0x00, 0x00, 0x06, 0x80, 0x00, 0x00, 0x00, 0x00, 0x00, 0x68,
    0x00, 0x25, 0x00, 0x00, 0x00, 0x06, 0x80, 0x03, 0xc2, 0x22, 0x22, 0x22,
    0x78, 0x00, 0x3c, 0x44, 0x44, 0x44, 0x48, 0x80, 0x03, 0xa0, 0x00, 0x00,
    0x00, 0x10, 0x00, 0x3a, 0x00, 0x00, 0x00, 0x00, 0x00, 0x03, 0xa0, 0x00,
    0x00, 0x00, 0x00, 0x50, 0x3a, 0x00, 0x00, 0x00, 0x00, 0x06, 0x13, 0xa0,
    0x00, 0x00, 0x00, 0x00, 0x74, 0x1e, 0x66, 0x66, 0x66, 0x66, 0x7d, 0xa0,
    0x36, 0x66, 0x66, 0x66, 0x66, 0x51, 0x00, 0x02, 0x70, 0x00, 0x08, 0x50,
    0x00, 0x00, 0x00, 0x08, 0x90, 0x00, 0xc1, 0x00, 0x00, 0x00, 0x00, 0x2c,
    0x00, 0x64, 0x00, 0x00, 0x00, 0x34, 0x44, 0x54, 0x48, 0x44, 0x5c, 0x20,
    0x02, 0x32, 0x88, 0x22, 0x4c, 0x22, 0x21, 0x00, 0x00, 0x07, 0x70, 0x02,
    0xb0, 0x00, 0x00, 0x00, 0x00, 0x77, 0x00, 0x2b, 0x00, 0x00, 0x00, 0x00,
    0x07, 0x70, 0x02, 0xb0, 0x07, 0x50, 0x67, 0x66, 0xa9, 0x66, 0x7d, 0x66,
    0x77, 0x10, 0x00, 0x0a, 0x40, 0x02, 0xb0, 0x00, 0x00, 0x00, 0x00, 0xd1,
    0x00, 0x2b, 0x00, 0x00, 0x00, 0x00, 0x68, 0x00, 0x02, 0xb0, 0x00, 0x00,
    0x00, 0x3a, 0x00, 0x00, 0x2c, 0x00, 0x00, 0x00, 0x58, 0x00, 0x00, 0x02,
    0xc0, 0x00, 0x00, 0x42, 0x00, 0x00, 0x00, 0x14, 0x00, 0x00, 0x00, 0x00,
    0x00, 0x00, 0x00, 0x00, 0x00, 0x00, 0x00, 0x00, 0x00, 0x00, 0x49, 0x10,
    0x00, 0x00, 0x00, 0x20, 0x00, 0x00, 0x84, 0x00, 0x08, 0x10, 0x07, 0xa6,
    0x66, 0x66, 0x66, 0x66, 0x85, 0x00, 0x76, 0x04, 0x44, 0x44, 0x44, 0x91,
    0x00, 0x07, 0x60, 0x42, 0x22, 0x22, 0xab, 0x40, 0x00, 0x76, 0x00, 0x04,
    0x72, 0x72, 0x00, 0x00, 0x07, 0x60, 0x00, 0x07, 0xd0, 0x00, 0x00, 0x00,
    0x85, 0x76, 0x66, 0x6c, 0x66, 0x6b, 0x80, 0x09, 0x30, 0x00, 0x01, 0xb0,
    0x01, 0xa2, 0x00, 0xb1, 0x00, 0x00, 0x1b, 0x00, 0x31, 0x00, 0x0a, 0x00,
    0x00, 0x01, 0xb0, 0x00, 0x00, 0x03, 0x60, 0x00, 0x00, 0x1b, 0x00, 0x00,
    0x00, 0x71, 0x00, 0x00, 0x02, 0xb0, 0x00, 0x00, 0x15, 0x00, 0x00, 0x28,
    0xe8, 0x00, 0x00, 0x02, 0x00, 0x00, 0x00, 0x04, 0x00, 0x00, 0x00, 0x00,
    0x00, 0x00, 0x00, 0x00, 0x00, 0x14, 0x00, 0x01, 0x86, 0x69, 0x66, 0x66,
    0x96, 0x9b, 0x20, 0x00, 0x00, 0x0c, 0x20, 0x00, 0xe0, 0x00, 0x00, 0x00,
    0x00, 0x0c, 0x20, 0x00, 0xe0, 0x00, 0x00, 0x00, 0x00, 0x0c, 0x20, 0x00,
    0xe0, 0x00, 0x00, 0x00, 0x00, 0x0c, 0x20, 0x00, 0xe0, 0x03, 0x20, 0x17,
    0x66, 0x6d, 0x76, 0x66, 0xe6, 0x6b, 0xa1, 0x00, 0x00, 0x0d, 0x10, 0x00,
    0xe0, 0x00, 0x00, 0x00, 0x00, 0x0e, 0x00, 0x00, 0xe0, 0x00, 0x00, 0x00,
    0x00, 0x3b, 0x00, 0x00, 0xe0, 0x00, 0x00, 0x00, 0x00, 0x85, 0x00, 0x00,
    0xe0, 0x00, 0x00, 0x00, 0x02, 0xb0, 0x00, 0x00, 0xe0, 0x00, 0x00, 0x00,
    0x1a, 0x10, 0x00, 0x00, 0xe0, 0x00, 0x00, 0x03, 0x81, 0x00, 0x00, 0x01,
    0xf0, 0x00, 0x00, 0x03, 0x00, 0x00, 0x00, 0x00, 0x30, 0x00, 0x00, 0x00,
    0x00, 0x00, 0x00, 0x00, 0x00, 0x00, 0x00, 0x00, 0x00, 0x00, 0x4a, 0x14,
    0x00, 0x00, 0x00, 0x00, 0x00, 0x04, 0xa0, 0x6c, 0x10, 0x00, 0x00, 0x00,
    0x00, 0x3b, 0x00, 0xa5, 0x00, 0x37, 0x66, 0x66, 0x67, 0xd6, 0x67, 0xe7,
    0x00, 0x10, 0x00, 0x00, 0x1c, 0x00, 0x00, 0x00, 0x00, 0x00, 0x00, 0x10,
    0xd0, 0x00, 0x00, 0x02, 0x66, 0x66, 0x7d, 0x2d, 0x10, 0x00, 0x00, 0x02,
    0x06, 0x80, 0x00, 0xb4, 0x00, 0x00, 0x00, 0x00, 0x68, 0x00, 0x07, 0x70,
    0x00, 0x00, 0x00, 0x06, 0x80, 0x00, 0x2d, 0x00, 0x00, 0x00, 0x00, 0x68,
    0x00, 0x21, 0xb5, 0x00, 0x60, 0x00, 0x07, 0xb8, 0x63, 0x03, 0xd2, 0x08,
    0x08, 0xbc, 0x83, 0x00, 0x00, 0x07, 0xd5, 0xb0, 0x54, 0x00, 0x00, 0x00,
    0x00, 0x06, 0xee, 0x00, 0x00, 0x00, 0x00, 0x00, 0x00, 0x01, 0x51, 0x00,
    0x00, 0x20, 0x1a, 0x10, 0x00, 0x00, 0x06, 0x76, 0x6e, 0x10, 0xd0, 0x00,
    0x22, 0x00, 0x00, 0x00, 0xc0, 0x0c, 0x00, 0x0b, 0xa0, 0x00, 0x00, 0x0c,
    0x00, 0xc0, 0x08, 0x80, 0x00, 0x28, 0x66, 0xd0, 0x0c, 0x07, 0x50, 0x00,
    0x03, 0x90, 0x06, 0x00, 0xd7, 0x20, 0x00, 0x00, 0x48, 0x00, 0x12, 0x2d,
    0x22, 0x22, 0x95, 0x09, 0x95, 0x77, 0x64, 0xd4, 0x84, 0x44, 0x30, 0x32,
    0x18, 0x60, 0x0c, 0x08, 0x00, 0x00, 0x00, 0x00, 0x84, 0x00, 0xc0, 0x64,
    0x00, 0x00, 0x00, 0x0a, 0x30, 0x0c, 0x00, 0xc1, 0x00, 0x00, 0x00, 0xc1,
    0x00, 0xc0, 0x25, 0xc2, 0x00, 0x23, 0x3d, 0x00, 0x0d, 0x95, 0x07, 0xe9,
    0x10, 0x7f, 0x50, 0x02, 0xe4, 0x00, 0x07, 0x40, 0x00, 0x20, 0x00, 0x02,
    0x00, 0x00, 0x00, 0x00, 0x00, 0x00, 0x00, 0x77, 0x00, 0x00, 0x00, 0x03,
    0x30, 0x00, 0x87, 0x00, 0x46, 0x00, 0x00, 0x99, 0x00, 0x86, 0x00, 0xc9,
    0x00, 0x00, 0x0d, 0x60, 0x86, 0x07, 0x60, 0x00, 0x00, 0x03, 0x20, 0x86,
    0x35, 0x00, 0x00, 0x04, 0x55, 0x55, 0xa9, 0x55, 0x55, 0xb2, 0x02, 0x21,
    0x11, 0x11, 0x11, 0x11, 0xe1, 0x00, 0x00, 0x00, 0x00, 0x00, 0x00, 0xe0,
    0x00, 0x00, 0x00, 0x00, 0x00, 0x00, 0xe0, 0x00, 0x76, 0x66, 0x66, 0x66,
    0x66, 0xe0, 0x00, 0x00, 0x00, 0x00, 0x00, 0x00, 0xe0, 0x00, 0x00, 0x00,
    0x00, 0x00, 0x00, 0xe0, 0x12, 0x22, 0x22, 0x22, 0x22, 0x22, 0xf0, 0x06,
    0x44, 0x44, 0x44, 0x44, 0x44, 0xf0, 0x00, 0x00, 0x00, 0x00, 0x00, 0x00,
    0x40, 0x00, 0x02, 0x22, 0x22, 0x22, 0x27, 0x00, 0x00, 0x00, 0x05, 0x44,
    0x44, 0x44, 0x5c, 0x10, 0x00, 0x00, 0x00, 0x00, 0x00, 0x00, 0x2a, 0x00,
    0x00, 0x00, 0x01, 0x76, 0x66, 0x66, 0x7a, 0x00, 0x00, 0x00, 0x00, 0x00,
    0x00, 0x00, 0x2a, 0x02, 0x10, 0x17, 0x66, 0x66, 0x66, 0x66, 0x7b, 0x6b,
    0xa0, 0x00, 0x03, 0x00, 0x07, 0x90, 0x00, 0x30, 0x00, 0x00, 0x06, 0xc2,
    0x07, 0xb1, 0x05, 0xe2, 0x00, 0x00, 0x00, 0xb7, 0x07, 0x77, 0x68, 0x10,
    0x00, 0x00, 0x00, 0x22, 0x3a, 0x75, 0x60, 0x00, 0x00, 0x00, 0x00, 0x48,
    0x47, 0x70, 0xa4, 0x00, 0x00, 0x02, 0x7b, 0x60, 0x07, 0x70, 0x1b, 0x81,
    0x00, 0x0d, 0xa1, 0x03, 0x19, 0x60, 0x01, 0xae, 0xa1, 0x02, 0x00, 0x03,
    0xbe, 0x30, 0x00, 0x05, 0x10, 0x00, 0x00, 0x00, 0x12, 0x00, 0x00, 0x00,
    0x00, 0x00, 0x00, 0x00, 0x00, 0x00, 0x00, 0x00, 0x00, 0x00, 0x01, 0xc2,
    0x00, 0x0b, 0x40, 0x00, 0x00, 0x00, 0x07, 0x90, 0x00, 0x0b, 0x20, 0x00,
    0x00, 0x00, 0x2b, 0x00, 0x56, 0x6d, 0x76, 0xb5, 0x00, 0x00, 0x91, 0x64,
    0x00, 0x0b, 0x20, 0x00, 0x00, 0x06, 0x11, 0xe5, 0x00, 0x0b, 0x20, 0x01,
    0x10, 0x00, 0x07, 0x86, 0x76, 0x6b, 0x66, 0x69, 0x90, 0x00, 0x2f, 0x30,
    0x00, 0x00, 0x06, 0x50, 0x00, 0x00, 0x9b, 0x30, 0x00, 0x00, 0x08, 0x55,
    0x30, 0x07, 0x2a, 0x32, 0x66, 0x66, 0x6a, 0x96, 0x50, 0x11, 0x0a, 0x30,
    0x07, 0x30, 0x08, 0x50, 0x00, 0x00, 0x0a, 0x30, 0x01, 0xe1, 0x08, 0x50,
    0x00, 0x00, 0x0a, 0x30, 0x00, 0x71, 0x08, 0x50, 0x00, 0x00, 0x0b, 0x30,
    0x00, 0x00, 0x08, 0x50, 0x00, 0x00, 0x0b, 0x30, 0x00, 0x06, 0xae, 0x30,
    0x00, 0x00, 0x04, 0x00, 0x00, 0x00, 0x25, 0x00, 0x00, 0x00, 0x00, 0x00,
    0x00, 0x00, 0x00, 0x00, 0x00, 0x00, 0x00, 0x00, 0x0c, 0x40, 0x00, 0x00,
    0x00, 0x00, 0x00, 0x00, 0x0e, 0x10, 0x00, 0x00, 0x00, 0x01, 0x11, 0x11,
    0x2d, 0x11, 0x11, 0x2b, 0x20, 0x05, 0x65, 0x55, 0x8b, 0x85, 0x55, 0x55,
    0x30, 0x00, 0x00, 0x00, 0xb4, 0x53, 0x00, 0x00, 0x00, 0x00, 0x00, 0x04,
    0xb0, 0x09, 0x30, 0x00, 0x00, 0x00, 0x00, 0x2c, 0x82, 0x01, 0xb7, 0x10,
    0x00, 0x00, 0x06, 0x91, 0x1c, 0x60, 0x19, 0xe9, 0x61, 0x15, 0x73, 0x00,
    0x12, 0x90, 0x00, 0x3a, 0x30, 0x00, 0x01, 0x49, 0x2a, 0x30, 0x02, 0x10,
    0x00, 0x00, 0x34, 0x4a, 0x04, 0xd0, 0x11, 0xa4, 0x00, 0x00, 0xc2, 0x49,
    0x00, 0x40, 0x51, 0x3f, 0x20, 0x08, 0xb0, 0x4a, 0x00, 0x00, 0x73, 0x09,
    0x10, 0x00, 0x00, 0x2d, 0xba, 0xab, 0xe8, 0x00, 0x00, 0x00, 0x00, 0x00,
    0x11, 0x11, 0x00, 0x00, 0x00, 0x00, 0x00, 0x00, 0x10, 0x00, 0x00, 0x00,
    0x00, 0x00, 0x02, 0xc1, 0x00, 0x00, 0x00, 0x00, 0x28, 0x69, 0x76, 0x66,
    0xa7, 0x00, 0x00, 0x2c, 0x00, 0x00, 0x00, 0x95, 0x00, 0x00, 0x2d, 0x55,
    0x55, 0x55, 0xb5, 0x00, 0x00, 0x2c, 0x11, 0x11, 0x11, 0xa5, 0x00, 0x00,
    0x2d, 0x55, 0x55, 0x55, 0xb5, 0x00, 0x00, 0x2c, 0x11, 0x11, 0x11, 0xa5,
    0x00, 0x00, 0x2d, 0x33, 0x33, 0x33, 0xa5, 0x00, 0x00, 0x2a, 0x33, 0x73,
    0x33, 0x83, 0x00, 0x00, 0x00, 0x50, 0x7b, 0x00, 0x00, 0x00, 0x02, 0x40,
    0xe1, 0x0d, 0x20, 0x24, 0x80, 0x09, 0x40, 0xd0, 0x01, 0x00, 0x70, 0xa9,
    0x5e, 0x10, 0xe0, 0x00, 0x01, 0xc1, 0x39, 0x22, 0x00, 0x9c, 0xbb, 0xbc,
    0xa1, 0x00, 0x00, 0x00, 0x00, 0x00, 0x94, 0x24, 0x00, 0x00, 0x00, 0x00,
    0x00, 0x00, 0xb5, 0x0a, 0x80, 0x00, 0x00, 0x00, 0x00, 0x00, 0xa6, 0x02,
    0xb2, 0x00, 0x00, 0x78, 0x66, 0x66, 0xba, 0x66, 0x6c, 0x70, 0x00, 0x78,
    0x00, 0x00, 0x68, 0x00, 0x00, 0x00, 0x00, 0x78, 0x00, 0x00, 0x59, 0x00,
    0x55, 0x00, 0x00, 0x79, 0x22, 0x54, 0x2c, 0x00, 0xb8, 0x00, 0x00, 0x79,
    0x44, 0xa7, 0x0e, 0x02, 0xe1, 0x00, 0x00, 0x86, 0x00, 0x94, 0x0a, 0x49,
    0x80, 0x00, 0x00, 0x94, 0x00, 0xa3, 0x05, 0xcd, 0x10, 0x00, 0x00, 0xb1,
    0x00, 0xb1, 0x01, 0xf8, 0x00, 0x40, 0x00, 0xb0, 0x69, 0xd0, 0x09, 0x8e,
    0x40, 0x70, 0x05, 0x50, 0x07, 0x40, 0x84, 0x04, 0xe9, 0xb0, 0x08, 0x00,
    0x00, 0x27, 0x20, 0x00, 0x2a, 0xe1, 0x11, 0x00, 0x00, 0x10, 0x00, 0x00,
    0x00, 0x10, 0x00, 0x00, 0x00, 0x00, 0x2a, 0x18, 0x50, 0x00, 0x00, 0x00,
    0x00, 0x00, 0x2d, 0x01, 0xd2, 0x00, 0x02, 0x22, 0x22, 0x22, 0x4d, 0x22,
    0x39, 0x60, 0x04, 0x54, 0x44, 0x44, 0x4e, 0x44, 0x44, 0x40, 0x00, 0x10,
    0x00, 0x20, 0x0e, 0x00, 0x10, 0x00, 0x00, 0xa8, 0x66, 0xc6, 0x0e, 0x10,
    0x8a, 0x00, 0x00, 0xa4, 0x00, 0x94, 0x0c, 0x20, 0xc5, 0x00, 0x00, 0x94,
    0x00, 0x94, 0x09, 0x53, 0xd0, 0x00, 0x00, 0xa7, 0x55, 0xb4, 0x06, 0x89,
    0x60, 0x00, 0x00, 0xa4, 0x11, 0x72, 0x01, 0xed, 0x00, 0x00, 0x00, 0x10,
    0x00, 0x02, 0x31, 0xe9, 0x00, 0x40, 0x03, 0x57, 0x99, 0x74, 0x2b, 0x5d,
    0x60, 0x70, 0x0d, 0xb6, 0x10, 0x03, 0x91, 0x02, 0xd8, 0xb0, 0x01, 0x00,
    0x00, 0x55, 0x00, 0x00, 0x1a, 0xf1, 0x00, 0x00, 0x01, 0x00, 0x00, 0x00,
    0x00, 0x11, 0x00, 0x00, 0x00, 0x00, 0x00, 0x27, 0x80, 0x00, 0x00, 0x23,
    0x45, 0x79, 0xab, 0xb9, 0x82, 0x00, 0x00, 0x33, 0x21, 0x19, 0x50, 0x00,
    0x00, 0x00, 0x00, 0x00, 0x00, 0x09, 0x50, 0x00, 0x00, 0x00, 0x00, 0x23,
    0x33, 0x3a, 0x73, 0x35, 0xd2, 0x00, 0x00, 0x34, 0x33, 0x3a, 0x73, 0x33,
    0x32, 0x00, 0x00, 0x00, 0x00, 0x09, 0x50, 0x00, 0x00, 0x00, 0x00, 0x00,
    0x00, 0x09, 0x50, 0x00, 0x07, 0x50, 0x18, 0x66, 0x66, 0x6c, 0x96, 0x66,
    0x67, 0x71, 0x00, 0x00, 0x00, 0x09, 0x50, 0x00, 0x00, 0x00, 0x00, 0x00,
    0x00, 0x09, 0x50, 0x00, 0x00, 0x00, 0x00, 0x00, 0x00, 0x09, 0x50, 0x00,
    0x00, 0x00, 0x00, 0x00, 0x12, 0x1b, 0x50, 0x00, 0x00, 0x00, 0x00, 0x00,
    0x16, 0xef, 0x20, 0x00, 0x00, 0x00, 0x00, 0x00, 0x00, 0x33, 0x00, 0x00,
    0x00, 0x00, 0x00, 0x01, 0x91, 0x00, 0x00, 0x00, 0x00, 0x00, 0x00, 0x01,
    0xd0, 0x00, 0x00, 0x00, 0x02, 0x30, 0x00, 0x01, 0xc0, 0x06, 0x66, 0x8a,
    0x67, 0x80, 0x06, 0x66, 0xd6, 0xc2, 0x00, 0x59, 0x00, 0x00, 0x00, 0x01,
    0xc0, 0x00, 0x00, 0x59, 0x00, 0x00, 0x00, 0x01, 0xc0, 0x01, 0x00, 0x59,
    0x00, 0x00, 0x00, 0x01, 0xd6, 0x61, 0x00, 0x59, 0x00, 0x00, 0x01, 0x6a,
    0xd2, 0x00, 0x00, 0x59, 0x00, 0x00, 0x0c, 0x92, 0xc0, 0x00, 0x00, 0x59,
    0x00, 0x00, 0x00, 0x01, 0xc0, 0x00, 0x00, 0x59, 0x00, 0x00, 0x00, 0x01,
    0xc0, 0x00, 0x00, 0x59, 0x00, 0x00, 0x00, 0x01, 0xc0, 0x00, 0x00, 0x59,
    0x00, 0x00, 0x02, 0x23, 0xc0, 0x00, 0x21, 0x69, 0x00, 0x00, 0x01, 0x7f,
    0xa0, 0x00, 0x29, 0xf6, 0x00, 0x00, 0x00, 0x04, 0x10, 0x00, 0x00, 0x40,
    0x00, 0x00, 0x00, 0x02, 0xa1, 0x00, 0x39, 0x10, 0x00, 0x00, 0x00, 0x2c,
    0x00, 0x03, 0xc0, 0x88, 0x10, 0x00, 0x02, 0xb0, 0x00, 0x3b, 0x00, 0xb7,
    0x00, 0x55, 0x6c, 0x6a, 0x03, 0xb0, 0x01, 0x50, 0x02, 0x23, 0xc1, 0x33,
    0x6c, 0x66, 0x7b, 0x40, 0x00, 0x2b, 0x03, 0x34, 0xb0, 0x00, 0x00, 0x00,
    0x02, 0xc5, 0x60, 0x2c, 0x00, 0x67, 0x00, 0x05, 0xad, 0x30, 0x01, 0xd0,
    0x3e, 0x40, 0x2e, 0x94, 0xb0, 0x00, 0x0d, 0x3d, 0x40, 0x00, 0x20, 0x2b,
    0x00, 0x00, 0xad, 0x40, 0x00, 0x00, 0x02, 0xb0, 0x00, 0x3c, 0xb0, 0x00,
    0x40, 0x00, 0x2b, 0x00, 0x58, 0x19, 0x80, 0x17, 0x01, 0x13, 0xb1, 0x63,
    0x00, 0x1b, 0xa5, 0x80, 0x29, 0xf8, 0x00, 0x00, 0x00, 0x08, 0xfb, 0x00,
    0x05, 0x00, 0x00, 0x00, 0x00, 0x01, 0x40, 0x00, 0x00, 0x00, 0x00, 0x00,
    0x00, 0x00, 0x00, 0x00, 0x02, 0xb1, 0x00, 0x00, 0x00, 0x22, 0x00, 0x00,
    0x02, 0xb0, 0x26, 0x86, 0x66, 0xca, 0x00, 0x00, 0x02, 0xb0, 0x10, 0x60,
    0x04, 0xc1, 0x00, 0x06, 0x67, 0xd6, 0xc2, 0x19, 0x3c, 0x20, 0x00, 0x00,
    0x02, 0xb0, 0x00, 0x07, 0xf4, 0x00, 0x00, 0x00, 0x02, 0xb0, 0x40, 0x79,
    0x5c, 0x95, 0x31, 0x00, 0x02, 0xd7, 0x58, 0x33, 0xd1, 0x5b, 0x60, 0x02,
    0x8b, 0xb2, 0x20, 0x02, 0xb0, 0x16, 0x00, 0x1d, 0x72, 0xb0, 0x28, 0x67,
    0xd6, 0x67, 0x10, 0x00, 0x02, 0xb0, 0x00, 0x02, 0xb0, 0x00, 0x00, 0x00,
    0x02, 0xb1, 0x66, 0x67, 0xd6, 0x69, 0xb1, 0x00, 0x02, 0xb0, 0x20, 0x02,
    0xb0, 0x00, 0x00, 0x02, 0x25, 0xb0, 0x00, 0x02, 0xb0, 0x00, 0x00, 0x01,
    0x7f, 0x70, 0x00, 0x03, 0xc0, 0x00, 0x00, 0x00, 0x03, 0x00, 0x00, 0x01,
    0x30, 0x00, 0x00, 0x00, 0x09, 0x50, 0x00, 0x05, 0x90, 0x00, 0x00, 0x00,
    0x0a, 0x40, 0x00, 0x05, 0x90, 0x00, 0x00, 0x00, 0x0a, 0x40, 0x46, 0x69,
    0xb6, 0x7b, 0x10, 0x05, 0x6c, 0x8c, 0x40, 0x05, 0x80, 0x00, 0x00, 0x01,
    0x09, 0x40, 0x00, 0x05, 0x80, 0x00, 0x20, 0x00, 0x09, 0x43, 0x76, 0x67,
    0x96, 0x67, 0xa1, 0x00, 0x09, 0x56, 0x20, 0x00, 0x0c, 0x30, 0x00, 0x00,
    0x4d, 0x91, 0x00, 0x00, 0x0d, 0x02, 0x30, 0x0c, 0xab, 0x42, 0x86, 0x66,
    0x6e, 0x67, 0x70, 0x02, 0x09, 0x40, 0x15, 0x00, 0x0d, 0x00, 0x00, 0x00,
    0x09, 0x40, 0x08, 0x90, 0x0d, 0x00, 0x00, 0x00, 0x09, 0x40, 0x01, 0xa0,
    0x0d, 0x00, 0x00, 0x01, 0x0a, 0x40, 0x00, 0x00, 0x0e, 0x00, 0x00, 0x03,
    0xaf, 0x20, 0x00, 0x17, 0xcd, 0x00, 0x00, 0x00, 0x04, 0x00, 0x00, 0x00,
    0x42, 0x00, 0x00, 0x00, 0x07, 0x60, 0x00, 0x05, 0x80, 0x00, 0x00, 0x00,
    0x08, 0x60, 0x00, 0x05, 0x90, 0x00, 0x00, 0x00, 0x08, 0x60, 0x00, 0x05,
    0x80, 0x02, 0x00, 0x03, 0x49, 0x89, 0x66, 0x69, 0xb6, 0x88, 0x00, 0x02,
    0x28, 0x72, 0x10, 0x05, 0x80, 0x00, 0x00, 0x00, 0x08, 0x61, 0x10, 0x05,
    0x80, 0x00, 0x20, 0x00, 0x08, 0xa6, 0x76, 0x68, 0x96, 0x68, 0xa1, 0x00,
    0x5d, 0x70, 0x00, 0x05, 0xa0, 0x00, 0x00, 0x1c, 0xa8, 0x60, 0x00, 0x05,
    0x80, 0x00, 0x00, 0x04, 0x08, 0x60, 0x36, 0x69, 0xb6, 0x7b, 0x10, 0x00,
    0x08, 0x60, 0x00, 0x05, 0x80, 0x00, 0x00, 0x00, 0x08, 0x60, 0x00, 0x05,
    0x80, 0x00, 0x00, 0x01, 0x08, 0x60, 0x00, 0x05, 0x80, 0x01, 0x30, 0x02,
    0xaf, 0x37, 0x66, 0x67, 0x86, 0x68, 0x91, 0x00, 0x03, 0x00, 0x00, 0x00,
    0x00, 0x00, 0x00, 0x00, 0x08, 0x60, 0x00, 0x07, 0x20, 0x00, 0x00, 0x00,
    0x09, 0x50, 0x00, 0x02, 0xd0, 0x00, 0x00, 0x00, 0x09, 0x50, 0x06, 0x33,
    0x83, 0x35, 0x60, 0x06, 0x6b, 0x9b, 0x49, 0x33, 0x33, 0x3a, 0x80, 0x01,
    0x08, 0x50, 0x84, 0x0b, 0x30, 0x05, 0x00, 0x00, 0x08, 0x51, 0x00, 0x2d,
    0x00, 0x00, 0x00, 0x00, 0x08, 0x95, 0x11, 0x87, 0x11, 0x16, 0x30, 0x00,
    0x5d, 0x51, 0x55, 0xd5, 0x55, 0xe5, 0x40, 0x0c, 0x99, 0x50, 0x06, 0x70,
    0x04, 0xb0, 0x00, 0x02, 0x08, 0x50, 0x0c, 0x10, 0x0a, 0x50, 0x00, 0x00,
    0x08, 0x50, 0x16, 0x77, 0x4d, 0x00, 0x00, 0x00, 0x08, 0x50, 0x00, 0x02,
    0xdc, 0x60, 0x00, 0x00, 0x09, 0x50, 0x00, 0x3b, 0x51, 0xac, 0x10, 0x03,
    0xae, 0x30, 0x48, 0x71, 0x00, 0x08, 0x70, 0x00, 0x15, 0x04, 0x20, 0x00,
    0x00, 0x00, 0x00, 0x00, 0x00, 0x00, 0x00, 0x00, 0x00, 0x00, 0x00, 0x00,
    0x0a, 0x40, 0x00, 0x09, 0x20, 0x00, 0x00, 0x00, 0x0b, 0x20, 0x00, 0x04,
    0x90, 0x02, 0x00, 0x00, 0x0a, 0x21, 0x47, 0x66, 0x66, 0x6a, 0x30, 0x06,
    0x6c, 0x7b, 0x43, 0x70, 0x09, 0x70, 0x00, 0x00, 0x0a, 0x20, 0x00, 0xa5,
    0x0b, 0x00, 0x00, 0x00, 0x0a, 0x23, 0x66, 0x87, 0x88, 0x69, 0xa0, 0x00,
    0x0a, 0x45, 0x00, 0x1d, 0x20, 0x00, 0x00, 0x01, 0x5d, 0x60, 0x00, 0x69,
    0x00, 0x00, 0x10, 0x2e, 0x8b, 0x26, 0x66, 0xd7, 0x66, 0x77, 0xb1, 0x02,
    0x0a, 0x20, 0x05, 0x80, 0x08, 0x70, 0x00, 0x00, 0x0a, 0x20, 0x0c, 0x10,
    0x2c, 0x00, 0x00, 0x00, 0x0a, 0x20, 0x03, 0x79, 0xc8, 0x00, 0x00, 0x01,
    0x0b, 0x20, 0x00, 0x2b, 0x68, 0xc5, 0x00, 0x02, 0xbd, 0x00, 0x48, 0x92,
    0x00, 0x2d, 0x50, 0x00, 0x12, 0x25, 0x30, 0x00, 0x00, 0x01, 0x20, 0x00,
    0x0a, 0x30, 0x00, 0x00, 0x01, 0x52, 0x00, 0x00, 0x0c, 0x10, 0x14, 0x68,
    0xbb, 0x96, 0x00, 0x00, 0x0b, 0x10, 0x11, 0x03, 0x90, 0x00, 0x00, 0x16,
    0x6d, 0x89, 0x00, 0x03, 0x90, 0x00, 0x40, 0x01, 0x0b, 0x11, 0x66, 0x67,
    0xc6, 0x66, 0x71, 0x00, 0x0b, 0x12, 0x00, 0x43, 0x90, 0x00, 0x00, 0x00,
    0x0b, 0x83, 0x67, 0xa6, 0x94, 0x6b, 0x60, 0x01, 0x8e, 0x20, 0xc1, 0x03,
    0x90, 0x09, 0x30, 0x3e, 0x6b, 0x10, 0xb1, 0x13, 0x90, 0x09, 0x30, 0x03,
    0x0b, 0x10, 0xb6, 0xa5, 0x93, 0x6c, 0x30, 0x00, 0x0b, 0x10, 0xb1, 0x03,
    0x90, 0x09, 0x30, 0x00, 0x0b, 0x10, 0xb1, 0x03, 0x90, 0x09, 0x30, 0x00,
    0x0b, 0x10, 0xc6, 0x67, 0xc6, 0x6c, 0x30, 0x06, 0xcd, 0x00, 0xc1, 0x00,
    0x00, 0x09, 0x30, 0x00, 0x32, 0x00, 0x30, 0x00, 0x00, 0x00, 0x00, 0x00,
    0x07, 0x60, 0x00, 0x00, 0x27, 0xc5, 0x00, 0x00, 0x08, 0x50, 0x25, 0x69,
    0xc5, 0x51, 0x00, 0x00, 0x08, 0x50, 0x07, 0x32, 0xa0, 0xc4, 0x00, 0x05,
    0x6a, 0x9b, 0x32, 0xa2, 0xa4, 0x60, 0x10, 0x01, 0x08, 0x51, 0x66, 0x68,
    0xd9, 0x68, 0xa0, 0x00, 0x08, 0x50, 0x00, 0x7b, 0xb7, 0x00, 0x00, 0x00,
    0x08, 0x67, 0x14, 0xa3, 0xb2, 0xb4, 0x00, 0x00, 0x0a, 0xa0, 0x48, 0x03,
    0x90, 0x2b, 0xa1, 0x04, 0xbb, 0x54, 0x4b, 0x66, 0x86, 0x8b, 0x00, 0x1d,
    0x38, 0x50, 0x1b, 0x02, 0xa0, 0x48, 0x00, 0x00, 0x08, 0x50, 0x1c, 0x56,
    0xc5, 0x78, 0x00, 0x00, 0x08, 0x50, 0x1c, 0x13, 0xb1, 0x49, 0x00, 0x00,
    0x08, 0x50, 0x1b, 0x02, 0xa0, 0x49, 0x00, 0x03, 0x9d, 0x30, 0x1d, 0x66,
    0x66, 0x89, 0x00, 0x00, 0x16, 0x00, 0x14, 0x00, 0x00, 0x11, 0x00, 0x00,
    0x2a, 0x10, 0x02, 0x00, 0x02, 0x10, 0x00, 0x00, 0x2b, 0x00, 0x0b, 0x76,
    0x6b, 0x70, 0x00, 0x00, 0x1b, 0x00, 0x0a, 0x20, 0x08, 0x40, 0x00, 0x15,
    0x5c, 0x77, 0x0a, 0x66, 0x6a, 0x30, 0x00, 0x02, 0x2c, 0x13, 0x21, 0x51,
    0x31, 0x15, 0x20, 0x00, 0x1b, 0x06, 0x95, 0xd2, 0x79, 0x5b, 0x40, 0x00,
    0x1c, 0x67, 0x70, 0xc0, 0x76, 0x09, 0x20, 0x16, 0xbc, 0x06, 0xa6, 0xc1,
    0x79, 0x6b, 0x20, 0x1a, 0x3b, 0x02, 0x00, 0x0b, 0x50, 0x01, 0x20, 0x00,
    0x1b, 0x47, 0x66, 0x9e, 0x96, 0x68, 0x80, 0x00, 0x1b, 0x00, 0x02, 0xcb,
    0x65, 0x00, 0x00, 0x00, 0x1b, 0x00, 0x2b, 0x2a, 0x28, 0x70, 0x00, 0x00,
    0x1b, 0x03, 0x91, 0x0b, 0x20, 0x9d, 0x81, 0x06, 0xba, 0x54, 0x00, 0x0b,
    0x20, 0x05, 0x20, 0x00, 0x52, 0x00, 0x00, 0x04, 0x00, 0x00, 0x00, 0x00,
    0x00, 0x00, 0x00, 0x00, 0x00, 0x00, 0x00, 0x00, 0x00, 0x00, 0x09, 0x60,
    0x00, 0x00, 0x00, 0x00, 0x00, 0x00, 0x0a, 0x50, 0x00, 0x00, 0x00, 0x02,
    0x22, 0x22, 0x2a, 0x62, 0x22, 0x3c, 0x30, 0x04, 0x54, 0x44, 0x4b, 0x74,
    0x44, 0x44, 0x30, 0x00, 0x00, 0x00, 0x09, 0x50, 0x00, 0x00, 0x00, 0x00,
    0x01, 0x11, 0x1a, 0x51, 0x34, 0x00, 0x00, 0x00, 0x04, 0x57, 0x55, 0x55,
    0xca, 0x00, 0x00, 0x00, 0x00, 0x06, 0x00, 0x02, 0xd1, 0x00, 0x00, 0x00,
    0x00, 0x05, 0x40, 0x0a, 0x60, 0x00, 0x00, 0x00, 0x00, 0x00, 0xa2, 0x5b,
    0x00, 0x00, 0x00, 0x00, 0x00, 0x00, 0x2c, 0xd1, 0x00, 0x00, 0x00, 0x00,
    0x00, 0x00, 0x5d, 0xd6, 0x00, 0x00, 0x00, 0x00, 0x00, 0x2a, 0x91, 0x2b,
    0xd7, 0x41, 0x00, 0x00, 0x38, 0x82, 0x00, 0x00, 0x39, 0xef, 0x91, 0x14,
    0x30, 0x00, 0x00, 0x00, 0x00, 0x03, 0x00, 0x00, 0x00, 0x00, 0x01, 0x00,
    0x00, 0x00, 0x00, 0x00, 0x95, 0x00, 0xa8, 0x00, 0x00, 0x00, 0x00, 0x0a,
    0x30, 0x0d, 0x30, 0x00, 0x00, 0x01, 0x00, 0xa3, 0x02, 0xc0, 0x00, 0x00,
    0x00, 0x97, 0x0a, 0x30, 0x7a, 0x66, 0x66, 0xb9, 0x09, 0x40, 0xa3, 0x0a,
    0x50, 0x00, 0xe0, 0x00, 0x84, 0x09, 0x32, 0x66, 0x00, 0x2c, 0x00, 0x08,
    0x40, 0x93, 0x60, 0x70, 0x05, 0x80, 0x00, 0x84, 0x09, 0x33, 0x05, 0x30,
    0x94, 0x00, 0x08, 0x41, 0xb3, 0x00, 0x19, 0x0c, 0x00, 0x00, 0x9b, 0x7a,
    0x30, 0x00, 0x97, 0x90, 0x00, 0x06, 0x40, 0xa3, 0x00, 0x03, 0xf3, 0x00,
    0x00, 0x00, 0x0a, 0x30, 0x00, 0xa9, 0xc1, 0x00, 0x00, 0x00, 0xa3, 0x01,
    0x93, 0x06, 0xe6, 0x00, 0x00, 0x0a, 0x33, 0x61, 0x00, 0x05, 0xeb, 0x20,
    0x00, 0x42, 0x20, 0x00, 0x00, 0x01, 0x00, 0x00, 0x00, 0x00, 0x00, 0x00,
    0x00, 0x00, 0x00, 0x00, 0x05, 0x30, 0x00, 0x04, 0xb1, 0x00, 0x00, 0x00,
    0x01, 0xc4, 0x00, 0x07, 0x90, 0x00, 0x00, 0x00, 0x00, 0x44, 0x02, 0x0b,
    0x40, 0x01, 0x10, 0x06, 0x6a, 0x66, 0x6a, 0x3d, 0x66, 0x7b, 0x80, 0x00,
    0x0d, 0x00, 0x00, 0x48, 0x00, 0x86, 0x00, 0x00, 0x0d, 0x00, 0x20, 0x86,
    0x00, 0xb3, 0x00, 0x00, 0x1e, 0x66, 0xc5, 0x67, 0x00, 0xd0, 0x00, 0x00,
    0x1c, 0x00, 0xb1, 0x07, 0x23, 0xb0, 0x00, 0x00, 0x3a, 0x00, 0xc1, 0x02,
    0x88, 0x60, 0x00, 0x00, 0x58, 0x00, 0xc0, 0x00, 0xac, 0x10, 0x00, 0x00,
    0x84, 0x00, 0xd0, 0x00, 0xab, 0x00, 0x00, 0x00, 0xb0, 0x01, 0xc0, 0x07,
    0x79, 0x90, 0x00, 0x04, 0x62, 0x8b, 0x80, 0x76, 0x00, 0xbb, 0x20, 0x17,
    0x00, 0x28, 0x37, 0x20, 0x00, 0x09, 0xa2, 0x10, 0x00, 0x01, 0x30, 0x00,
    0x00, 0x00, 0x00, 0x00, 0x00, 0x00, 0x00, 0x00, 0x00, 0x00, 0x00, 0x00,
    0x10, 0x4a, 0x03, 0x01, 0xd3, 0x00, 0x00, 0x00, 0x93, 0x48, 0x0c, 0x34,
    0xc0, 0x00, 0x00, 0x00, 0x4b, 0x48, 0x64, 0x08, 0x60, 0x00, 0x00, 0x02,
    0x35, 0x6a, 0x58, 0x3c, 0x33, 0x35, 0x90, 0x03, 0x44, 0xeb, 0x33, 0x4c,
    0x33, 0x98, 0x31, 0x00, 0x0a, 0x6a, 0xb6, 0x77, 0x00, 0x85, 0x00, 0x01,
    0x82, 0x48, 0x16, 0x74, 0x20, 0xa3, 0x00, 0x15, 0x00, 0x84, 0x02, 0x02,
    0x50, 0xd1, 0x00, 0x03, 0x33, 0xe5, 0x37, 0x00, 0x91, 0xc0, 0x00, 0x04,
    0x48, 0x83, 0x79, 0x00, 0xa7, 0x80, 0x00, 0x00, 0x0c, 0x20, 0xc2, 0x00,
    0x5e, 0x20, 0x00, 0x00, 0x03, 0x7d, 0xc4, 0x00, 0xad, 0x50, 0x00, 0x00,
    0x02, 0xa4, 0x4c, 0x29, 0x61, 0xd8, 0x10, 0x03, 0x66, 0x00, 0x04, 0x82,
    0x00, 0x2c, 0xa1, 0x11, 0x00, 0x00, 0x33, 0x00, 0x00, 0x01, 0x00, 0x00,
    0x01, 0x80, 0x00, 0x00, 0x00, 0x05, 0x00, 0x00, 0x00, 0x86, 0x04, 0x05,
    0x47, 0xaa, 0x40, 0x04, 0x86, 0x76, 0x99, 0x29, 0x50, 0x00, 0x00, 0x00,
    0x38, 0x00, 0xd2, 0x09, 0x40, 0x00, 0x00, 0x00, 0x0b, 0x34, 0x50, 0x09,
    0x40, 0x00, 0x00, 0x06, 0x68, 0x69, 0x6a, 0x99, 0x75, 0x58, 0xb0, 0x02,
    0x10, 0x67, 0x00, 0x09, 0x41, 0xc2, 0x10, 0x00, 0x00, 0x67, 0x04, 0x09,
    0x30, 0xb1, 0x00, 0x03, 0x66, 0x9a, 0x68, 0x4a, 0x30, 0xb1, 0x00, 0x00,
    0x34, 0x67, 0x30, 0x0c, 0x10, 0xb1, 0x00, 0x00, 0xa7, 0x67, 0x68, 0x1c,
    0x00, 0xb1, 0x00, 0x02, 0xa0, 0x67, 0x0c, 0x66, 0x00, 0xc1, 0x00, 0x08,
    0x21, 0x67, 0x01, 0x90, 0x00, 0xc1, 0x00, 0x12, 0x16, 0xf4, 0x07, 0x10,
    0x00, 0xc1, 0x00, 0x00, 0x00, 0x20, 0x30, 0x00, 0x00, 0x50, 0x00, 0x00,
    0x00, 0x00, 0x00, 0x00, 0x00, 0x63, 0x00, 0x00, 0x76, 0x66, 0x6a, 0x76,
    0x66, 0x87, 0x00, 0x00, 0x00, 0x00, 0x0b, 0x30, 0x00, 0x00, 0x00, 0x00,
    0x00, 0x00, 0x0c, 0x20, 0x00, 0x00, 0x00, 0x00, 0x00, 0x00, 0x0d, 0x10,
    0x00, 0x01, 0x00, 0x04, 0x44, 0x44, 0x4e, 0x44, 0x44, 0x6e, 0x60, 0x03,
    0x32, 0x22, 0x3d, 0x87, 0x22, 0x22, 0x20, 0x00, 0x00, 0x00, 0x5a, 0x86,
    0x00, 0x00, 0x00, 0x00, 0x00, 0x00, 0x96, 0x86, 0x00, 0x00, 0x00, 0x00,
    0x00, 0x01, 0xd1, 0x86, 0x00, 0x00, 0x00, 0x00, 0x00, 0x09, 0x70, 0x86,
    0x00, 0x00, 0x50, 0x00, 0x00, 0x4b, 0x00, 0x86, 0x00, 0x00, 0x70, 0x00,
    0x06, 0x91, 0x00, 0x77, 0x00, 0x03, 0xc1, 0x02, 0x74, 0x00, 0x00, 0x3c,
    0xcb, 0xbd, 0x90, 0x14, 0x00, 0x00, 0x00, 0x00, 0x00, 0x00, 0x00, 0x00,
    0x00, 0x00, 0x00, 0x00, 0xa4, 0x00, 0x10, 0x00, 0x20, 0x00, 0x00, 0xc2,
    0x00, 0x98, 0x67, 0xe1, 0x00, 0x00, 0xb2, 0x00, 0x95, 0x02, 0xb0, 0x00,
    0x00, 0xb2, 0x63, 0x95, 0x02, 0xb6, 0x76, 0x66, 0xd7, 0x65, 0x95, 0x02,
    0xb0, 0x00, 0x00, 0xb2, 0x00, 0x89, 0x67, 0xb0, 0x82, 0x00, 0xb2, 0x00,
    0x95, 0x02, 0xb0, 0x2e, 0x10, 0xb2, 0x00, 0x95, 0x02, 0xb0, 0x0b, 0x30,
    0xb2, 0x00, 0x95, 0x02, 0xb0, 0x01, 0x00, 0xb2, 0x00, 0x97, 0x45, 0xc0,
    0x00, 0x00, 0xb2, 0x00, 0x96, 0x24, 0xc0, 0x00, 0x00, 0xb2, 0x00, 0x72,
    0x01, 0x10, 0x01, 0x21, 0xd2, 0x00, 0x00, 0x00, 0x00, 0x00, 0x5d, 0xd0,
    0x00, 0x00, 0x00, 0x00, 0x00, 0x02, 0x10, 0x00, 0x00, 0x22, 0x00, 0x00,
    0x00, 0x42, 0x00, 0x00, 0x3c, 0x66, 0x66, 0x66, 0xc7, 0x00, 0x00, 0x3a,
    0x00, 0x00, 0x00, 0x94, 0x00, 0x00, 0x3c, 0x66, 0x66, 0x66, 0xc4, 0x00,
    0x00, 0x3a, 0x00, 0x00, 0x00, 0x94, 0x00, 0x00, 0x3b, 0x33, 0x33, 0x33,
    0xa4, 0x00, 0x00, 0x39, 0x33, 0x33, 0x33, 0x83, 0x00, 0x00, 0x00, 0x3b,
    0x10, 0xb2, 0x00, 0x30, 0x17, 0x10, 0x2b, 0x00, 0xd0, 0x07, 0xd1, 0x04,
    0xc1, 0x2b, 0x00, 0xd0, 0x2d, 0x20, 0x00, 0xa9, 0x2b, 0x00, 0xd1, 0xa2,
    0x00, 0x00, 0x36, 0x2b, 0x00, 0xd8, 0x20, 0x00, 0x22, 0x22, 0x4c, 0x22,
    0xe3, 0x23, 0xc3, 0x45, 0x44, 0x44, 0x44, 0x44, 0x44, 0x43, 0x00, 0x10,
    0x00, 0x00, 0x00, 0x00, 0x00, 0x00, 0xb4, 0x00, 0x00, 0x00, 0x00, 0x00,
    0x01, 0xd5, 0x55, 0xb1, 0x55, 0x55, 0x92, 0x06, 0x41, 0xd1, 0x10, 0x85,
    0x11, 0xc1, 0x05, 0x00, 0xc0, 0x21, 0x85, 0x00, 0xb1, 0x67, 0x67, 0xc6,
    0x97, 0x85, 0x00, 0xb1, 0x00, 0x07, 0x95, 0x00, 0x85, 0x11, 0xc1, 0x00,
    0x2c, 0x05, 0xd2, 0x88, 0x55, 0xc2, 0x01, 0xa2, 0x00, 0x64, 0x41, 0x00,
    0x30, 0x46, 0x09, 0x76, 0x66, 0x66, 0xa8, 0x00, 0x00, 0x09, 0x40, 0x00,
    0x00, 0x85, 0x00, 0x00, 0x09, 0x75, 0x55, 0x55, 0xa5, 0x00, 0x00, 0x08,
    0x41, 0x11, 0x11, 0x85, 0x00, 0x00, 0x09, 0x40, 0x00, 0x00, 0x85, 0x00,
    0x00, 0x09, 0x86, 0x66, 0x66, 0xa5, 0x00, 0x00, 0x03, 0x00, 0x00, 0x00,
    0x21, 0x00, 0x00, 0x0a, 0x30, 0x00, 0x00, 0x04, 0x91, 0x01, 0x13, 0xd1,
    0x18, 0x29, 0x67, 0x75, 0x20, 0x45, 0xb8, 0x65, 0x53, 0xc2, 0x00, 0x00,
    0x00, 0x2c, 0x0b, 0x32, 0x0b, 0x54, 0x46, 0x90, 0x08, 0x86, 0xd6, 0xb4,
    0xc3, 0x2d, 0x22, 0x00, 0x00, 0x0b, 0x45, 0x3d, 0x00, 0xc0, 0x00, 0x59,
    0xba, 0xd5, 0x15, 0x70, 0x0d, 0x00, 0x03, 0x51, 0x0c, 0x12, 0x80, 0x00,
    0xc0, 0x00, 0x00, 0x25, 0x63, 0x73, 0x33, 0x48, 0x00, 0x00, 0x02, 0xc3,
    0x33, 0x33, 0x37, 0xa0, 0x00, 0x00, 0x2b, 0x00, 0x00, 0x00, 0x58, 0x00,
    0x00, 0x02, 0xd6, 0x66, 0x66, 0x69, 0x90, 0x00, 0x00, 0x2b, 0x00, 0x00,
    0x00, 0x59, 0x00, 0x00, 0x02, 0xd6, 0x66, 0x66, 0x69, 0x90, 0x00, 0x00,
    0x13, 0x00, 0x00, 0x00, 0x22, 0x00, 0x00, 0x00, 0x00, 0x00, 0x00, 0x00,
    0x00, 0x07, 0x10, 0x05, 0x76, 0x66, 0x68, 0x96, 0x66, 0x68, 0x50, 0x00,
    0x01, 0x00, 0x06, 0x80, 0x00, 0x10, 0x00, 0x00, 0x0d, 0x66, 0x69, 0xa6,
    0x66, 0xe2, 0x00, 0x00, 0x0e, 0x00, 0x06, 0x80, 0x01, 0xc0, 0x00, 0x00,
    0x0d, 0x66, 0x69, 0xa6, 0x66, 0xc0, 0x00, 0x00, 0x0d, 0x00, 0x06, 0x70,
    0x01, 0xc0, 0x00, 0x00, 0x0d, 0x00, 0x06, 0x70, 0x01, 0xd0, 0x00, 0x00,
    0x0d, 0x66, 0x6b, 0x96, 0x66, 0xb0, 0x00, 0x00, 0x01, 0x22, 0x0a, 0x20,
    0x00, 0x00, 0x00, 0x00, 0x00, 0x08, 0x3c, 0x00, 0x00, 0x00, 0x00, 0x00,
    0x00, 0x01, 0xd8, 0x00, 0x00, 0x00, 0x00, 0x00, 0x00, 0x19, 0x79, 0xb5,
    0x10, 0x00, 0x00, 0x00, 0x37, 0x82, 0x00, 0x38, 0xce, 0xee, 0x91, 0x15,
    0x30, 0x00, 0x00, 0x00, 0x00, 0x12, 0x00, 0x00, 0x00, 0x00, 0x00, 0x00,
    0x00, 0x00, 0x00, 0x00, 0x00, 0x00, 0x0d, 0x40, 0x00, 0x00, 0x00, 0x00,
    0x00, 0x00, 0x5d, 0x00, 0x00, 0x05, 0x10, 0x17, 0x66, 0x66, 0xc9, 0x66,
    0x66, 0x6c, 0x90, 0x00, 0x00, 0x03, 0xc0, 0x00, 0x00, 0x00, 0x00, 0x00,
    0x00, 0x0c, 0x30, 0x00, 0x04, 0x10, 0x00, 0x00, 0x00, 0x8b, 0x66, 0x66,
    0x6c, 0x60, 0x00, 0x00, 0x04, 0xc8, 0x00, 0x00, 0x0a, 0x30, 0x00, 0x00,
    0x48, 0x5b, 0x66, 0x66, 0x6c, 0x30, 0x00, 0x04, 0x60, 0x58, 0x00, 0x00,
    0x0a, 0x30, 0x00, 0x12, 0x00, 0x58, 0x00, 0x00, 0x0a, 0x30, 0x00, 0x00,
    0x00, 0x5b, 0x66, 0x66, 0x6c, 0x30, 0x00, 0x00, 0x00, 0x58, 0x00, 0x00,
    0x0a, 0x30, 0x00, 0x00, 0x00, 0x58, 0x00, 0x00, 0x0b, 0x30, 0x00, 0x00,
    0x00, 0x58, 0x00, 0x05, 0xbe, 0x10, 0x00, 0x00, 0x00, 0x21, 0x00, 0x00,
    0x23, 0x00, 0x00, 0x00, 0x00, 0x00, 0x00, 0x00, 0x00, 0x00, 0x00, 0x00,
    0x00, 0x00, 0x08, 0x80, 0x00, 0x00, 0x00, 0x00, 0x00, 0x00, 0x08, 0x70,
    0x00, 0x00, 0x00, 0x00, 0x02, 0x22, 0x29, 0x82, 0x27, 0x80, 0x00, 0x00,
    0x05, 0x44, 0x49, 0x94, 0x44, 0x41, 0x00, 0x00, 0x00, 0x00, 0x08, 0x70,
    0x00, 0x00, 0x00, 0x00, 0x00, 0x00, 0x08, 0x70, 0x00, 0x05, 0x00, 0x05,
    0x76, 0x66, 0x7d, 0xa6, 0x66, 0x7b, 0x50, 0x00, 0x00, 0x00, 0xae, 0x76,
    0x00, 0x00, 0x00, 0x00, 0x00, 0x04, 0xc8, 0x77, 0x20, 0x00, 0x00, 0x00,
    0x00, 0x2c, 0x28, 0x71, 0xb2, 0x00, 0x00, 0x00, 0x02, 0xb2, 0x08, 0x70,
    0x3d, 0x40, 0x00, 0x00, 0x39, 0x10, 0x08, 0x70, 0x04, 0xea, 0x40, 0x05,
    0x50, 0x00, 0x08, 0x70, 0x00, 0x3c, 0x71, 0x00, 0x00, 0x00, 0x08, 0x70,
    0x00, 0x00, 0x00, 0x00, 0x00, 0x00, 0x03, 0x10, 0x00, 0x00, 0x00, 0x00,
    0x00, 0x00, 0x00, 0x00, 0x00, 0x00, 0x00, 0x00, 0x00, 0x00, 0x07, 0x90,
    0x00, 0x00, 0x00, 0x00, 0x00, 0x00, 0x07, 0x80, 0x00, 0x00, 0x00, 0x00,
    0x00, 0x00, 0x07, 0x80, 0x00, 0x01, 0x00, 0x03, 0x76, 0x66, 0x6a, 0xa6,
    0x66, 0x6d, 0x60, 0x00, 0x10, 0x00, 0x4f, 0x85, 0x00, 0x00, 0x00, 0x00,
    0x00, 0x00, 0xcb, 0x87, 0x00, 0x00, 0x00, 0x00, 0x00, 0x05, 0xa7, 0x83,
    0x70, 0x00, 0x00, 0x00, 0x00, 0x1c, 0x27, 0x80, 0x93, 0x00, 0x00, 0x00,
    0x00, 0xa4, 0x07, 0x80, 0x2c, 0x30, 0x00, 0x00, 0x08, 0x60, 0x07, 0x80,
    0x05, 0xe6, 0x00, 0x00, 0x75, 0x66, 0x6a, 0xa6, 0x8a, 0x5e, 0xc1, 0x16,
    0x20, 0x00, 0x07, 0x80, 0x00, 0x02, 0x00, 0x00, 0x00, 0x00, 0x07, 0x80,
    0x00, 0x00, 0x00, 0x00, 0x00, 0x00, 0x07, 0x80, 0x00, 0x00, 0x00, 0x00,
    0x00, 0x00, 0x04, 0x30, 0x00, 0x00, 0x00, 0x00, 0x01, 0x00, 0x00, 0x00,
    0x00, 0x00, 0x00, 0x00, 0x09, 0x60, 0x00, 0x00, 0x00, 0x00, 0x00, 0x00,
    0x09, 0x50, 0x06, 0x76, 0x69, 0x80, 0x00, 0x00, 0x09, 0x50, 0x06, 0x80,
    0x08, 0x50, 0x00, 0x02, 0x29, 0x67, 0x36, 0x80, 0x08, 0x50, 0x00, 0x04,
    0x4c, 0x74, 0x36, 0x80, 0x08, 0x50, 0x00, 0x00, 0x0e, 0x50, 0x06, 0x80,
    0x08, 0x50, 0x00, 0x00, 0x3f, 0xa8, 0x16, 0x80, 0x08, 0x50, 0x00, 0x00,
    0x8c, 0x56, 0xa6, 0x70, 0x08, 0x50, 0x00, 0x00, 0xa9, 0x50, 0x37, 0x60,
    0x08, 0x50, 0x00, 0x05, 0x49, 0x50, 0x09, 0x40, 0x08, 0x50, 0x00, 0x06,
    0x09, 0x50, 0x0c, 0x00, 0x08, 0x50, 0x40, 0x20, 0x09, 0x50, 0x38, 0x00,
    0x08, 0x50, 0x60, 0x00, 0x09, 0x50, 0xa1, 0x00, 0x08, 0x60, 0xc2, 0x00,
    0x09, 0x56, 0x30, 0x00, 0x04, 0xbb, 0x91, 0x00, 0x05, 0x22, 0x00, 0x00,
    0x00, 0x00, 0x00, 0x00, 0x00, 0x00, 0x00, 0x00, 0x00, 0x00, 0x00, 0x00,
    0x09, 0x50, 0x00, 0x00, 0x02, 0x79, 0x00, 0x00, 0x0a, 0x40, 0x06, 0x75,
    0x67, 0x54, 0x10, 0x00, 0x0a, 0x40, 0x06, 0x80, 0x00, 0x00, 0x00, 0x06,
    0x6c, 0x8b, 0x66, 0x80, 0x00, 0x00, 0x00, 0x01, 0x0b, 0x40, 0x06, 0x80,
    0x00, 0x00, 0x10, 0x00, 0x0e, 0x60, 0x06, 0xa6, 0x66, 0x68, 0xb1, 0x00,
    0x4f, 0x9a, 0x16, 0x70, 0x07, 0x70, 0x00, 0x00, 0x9c, 0x4b, 0x56, 0x70,
    0x07, 0x70, 0x00, 0x01, 0x89, 0x42, 0x17, 0x50, 0x07, 0x70, 0x00, 0x06,
    0x29, 0x40, 0x0a, 0x30, 0x07, 0x70, 0x00, 0x14, 0x0a, 0x40, 0x0c, 0x00,
    0x07, 0x70, 0x00, 0x00, 0x0a, 0x40, 0x49, 0x00, 0x07, 0x70, 0x00, 0x00,
    0x0a, 0x40, 0xa1, 0x00, 0x07, 0x70, 0x00, 0x00, 0x0a, 0x46, 0x20, 0x00,
    0x07, 0x70, 0x00, 0x00, 0x04, 0x12, 0x00, 0x00, 0x02, 0x10, 0x00, 0x00,
    0x05, 0x33, 0x33, 0x33, 0x33, 0x70, 0x00, 0x00, 0x09, 0x73, 0x38, 0x93,
    0x35, 0xc1, 0x00, 0x00, 0x09, 0x50, 0x07, 0x80, 0x03, 0xa0, 0x00, 0x00,
    0x09, 0x96, 0x6a, 0xa6, 0x67, 0xa0, 0x00, 0x00, 0x09, 0x50, 0x07, 0x80,
    0x03, 0xb0, 0x00, 0x00, 0x09, 0x51, 0x17, 0x81, 0x14, 0xb0, 0x00, 0x00,
    0x09, 0x85, 0x59, 0xa5, 0x57, 0xa0, 0x00, 0x00, 0x01, 0x00, 0x07, 0x80,
    0x00, 0x08, 0x20, 0x04, 0x76, 0x66, 0x9e, 0xd6, 0x66, 0x68, 0x60, 0x00,
    0x00, 0x02, 0xd9, 0x97, 0x00, 0x00, 0x00, 0x00, 0x00, 0x1c, 0x47, 0x86,
    0x90, 0x00, 0x00, 0x00, 0x02, 0xb3, 0x07, 0x80, 0x7c, 0x40, 0x00, 0x00,
    0x58, 0x10, 0x07, 0x80, 0x05, 0xeb, 0x60, 0x05, 0x30, 0x00, 0x07, 0x80,
    0x00, 0x28, 0x20, 0x00, 0x00, 0x00, 0x03, 0x20, 0x00, 0x00, 0x00, 0x00,
    0x00, 0x00, 0x00, 0x00, 0x00, 0x00, 0x00, 0x00, 0x00, 0x00, 0x06, 0x90,
    0x00, 0x00, 0x00, 0x00, 0x00, 0x00, 0x06, 0x80, 0x00, 0x09, 0x20, 0x03,
    0x76, 0x66, 0x9f, 0xb9, 0x66, 0x66, 0x40, 0x00, 0x00, 0x02, 0xc8, 0x86,
    0x30, 0x00, 0x00, 0x00, 0x00, 0x2b, 0x36, 0x80, 0x96, 0x00, 0x00, 0x00,
    0x04, 0xa2, 0x06, 0x80, 0x08, 0xc6, 0x20, 0x01, 0x75, 0xa6, 0x67, 0x66,
    0x6b, 0x8b, 0x81, 0x04, 0x00, 0xe0, 0x00, 0x00, 0x0b, 0x20, 0x00, 0x00,
    0x00, 0xd0, 0x00, 0x00, 0x0b, 0x20, 0x00, 0x00, 0x00, 0xd6, 0x66, 0x66,
    0x6d, 0x20, 0x00, 0x00, 0x00, 0xd0, 0x00, 0x00, 0x0b, 0x20, 0x00, 0x00,
    0x00, 0xe6, 0x66, 0x66, 0x6d, 0x20, 0x00, 0x00, 0x00, 0xb0, 0x00, 0x00,
    0x05, 0x14, 0x00, 0x03, 0x76, 0x66, 0x66, 0x66, 0x66, 0x7c, 0x40, 0x00,
    0x00, 0x00, 0x00, 0x00, 0x00, 0x00, 0x00, 0x00, 0x0c, 0x40, 0x21, 0x00,
    0x00, 0x03, 0x40, 0x00, 0x0d, 0x10, 0x4b, 0x66, 0x66, 0x66, 0x60, 0x00,
    0x0c, 0x10, 0x49, 0x00, 0x00, 0x00, 0x00, 0x14, 0x4d, 0x5a, 0x69, 0x56,
    0x66, 0x7b, 0x10, 0x03, 0x2f, 0x32, 0x59, 0x00, 0x58, 0x00, 0x00, 0x00,
    0x3f, 0x20, 0x49, 0x00, 0x58, 0x00, 0x00, 0x00, 0x7f, 0x97, 0x49, 0x25,
    0x8b, 0x69, 0x00, 0x00, 0xbd, 0x2d, 0x49, 0x01, 0x59, 0x11, 0x00, 0x03,
    0x7c, 0x11, 0x49, 0x00, 0x58, 0x00, 0x00, 0x08, 0x1d, 0x10, 0x49, 0x00,
    0x58, 0x02, 0x00, 0x33, 0x0d, 0x10, 0x49, 0x56, 0x79, 0x6a, 0x60, 0x00,
    0x0d, 0x10, 0x49, 0x00, 0x00, 0x00, 0x00, 0x00, 0x0d, 0x10, 0x49, 0x00,
    0x00, 0x03, 0x70, 0x00, 0x0d, 0x20, 0x49, 0x66, 0x66, 0x66, 0x61, 0x00,
    0x06, 0x00, 0x00, 0x00, 0x00, 0x00, 0x00, 0x00, 0x00, 0x00, 0x00, 0x01,
    0x00, 0x00, 0x00, 0x00, 0x0b, 0x40, 0x00, 0x0d, 0x40, 0x00, 0x00, 0x00,
    0x0c, 0x20, 0x00, 0x3c, 0x60, 0x00, 0x00, 0x00, 0x0b, 0x20, 0x00, 0xa5,
    0x64, 0x00, 0x00, 0x14, 0x4c, 0x59, 0x33, 0xa0, 0x0b, 0x50, 0x00, 0x03,
    0x2e, 0x42, 0x2a, 0x10, 0x01, 0xcb, 0x51, 0x00, 0x2f, 0x51, 0x71, 0x00,
    0x02, 0x48, 0x71, 0x00, 0x6f, 0x9a, 0x07, 0x66, 0x66, 0x50, 0x00, 0x00,
    0xac, 0x2c, 0x00, 0x14, 0x00, 0xa4, 0x00, 0x03, 0x7b, 0x21, 0x31, 0x0a,
    0x10, 0xd1, 0x00, 0x07, 0x0c, 0x20, 0x19, 0x07, 0x71, 0xc0, 0x00, 0x22,
    0x0c, 0x20, 0x0c, 0x25, 0x95, 0x70, 0x00, 0x00, 0x0c, 0x20, 0x09, 0x41,
    0x29, 0x10, 0x00, 0x00, 0x0c, 0x20, 0x02, 0x00, 0x08, 0x02, 0x20, 0x00,
    0x0c, 0x25, 0x76, 0x66, 0x67, 0x69, 0x80, 0x00, 0x06, 0x10, 0x00, 0x00,
    0x00, 0x00, 0x00, 0x00, 0x00, 0x00, 0x00, 0x00, 0x01, 0x00, 0x00, 0x00,
    0x0b, 0x40, 0x00, 0xb3, 0x0c, 0x30, 0x00, 0x00, 0x0b, 0x10, 0x00, 0xb1,
    0x0c, 0x04, 0x40, 0x00, 0x0b, 0x12, 0x66, 0xd6, 0x6d, 0x66, 0x50, 0x16,
    0x6d, 0x7d, 0x30, 0x91, 0x09, 0x11, 0x00, 0x00, 0x0f, 0x10, 0x0c, 0x66,
    0x66, 0x99, 0x00, 0x00, 0x3f, 0x40, 0x0c, 0x00, 0x00, 0x76, 0x00, 0x00,
    0x8e, 0x79, 0x0d, 0x66, 0x66, 0xa6, 0x00, 0x00, 0xab, 0x1c, 0x2c, 0x00,
    0x00, 0x76, 0x00, 0x05, 0x4b, 0x11, 0x0d, 0x6b, 0x96, 0xa5, 0x00, 0x06,
    0x0b, 0x10, 0x01, 0x09, 0x40, 0x02, 0x40, 0x20, 0x0b, 0x15, 0x76, 0x6d,
    0x96, 0x67, 0x81, 0x00, 0x0c, 0x10, 0x00, 0x3a, 0x27, 0x00, 0x00, 0x00,
    0x0c, 0x10, 0x01, 0xb2, 0x07, 0x92, 0x00, 0x00, 0x0c, 0x20, 0x49, 0x20,
    0x00, 0x7e, 0xa1, 0x00, 0x05, 0x25, 0x30, 0x00, 0x00, 0x02, 0x10, 0x00,
    0x00, 0x00, 0x00, 0x00, 0x00, 0x00, 0x01, 0x10, 0x00, 0x00, 0xa6, 0x00,
    0x00, 0x00, 0x0a, 0x40, 0x00, 0x0e, 0x20, 0x00, 0x00, 0x00, 0x2f, 0x23,
    0x05, 0xa0, 0x00, 0x00, 0x00, 0x00, 0x91, 0x50, 0xa9, 0x66, 0x66, 0xb5,
    0x00, 0x00, 0x42, 0x2b, 0x04, 0x00, 0x1d, 0x50, 0x00, 0x07, 0x08, 0x30,
    0xc6, 0x06, 0x20, 0x00, 0x02, 0x53, 0x70, 0x0d, 0x40, 0x10, 0x00, 0x00,
    0x80, 0x60, 0x01, 0xd5, 0x00, 0x00, 0x01, 0x48, 0x00, 0x00, 0x49, 0x61,
    0x00, 0x00, 0x4d, 0x40, 0x00, 0x08, 0x52, 0x60, 0x00, 0x00, 0x94, 0x00,
    0x01, 0xc0, 0x0a, 0x10, 0x00, 0x0a, 0x50, 0x00, 0x94, 0x00, 0x5a, 0x00,
    0x00, 0xb7, 0x00, 0x75, 0x00, 0x00, 0xaa, 0x10, 0x03, 0x22, 0x83, 0x00,
    0x00, 0x01, 0xcb, 0x20, 0x02, 0x40, 0x00, 0x00, 0x00, 0x01, 0x00, 0x00,
    0x00, 0x00, 0x00, 0x00, 0x00, 0x40, 0x05, 0x76, 0x66, 0x69, 0x66, 0x66,
    0xb6, 0x00, 0x00, 0x00, 0x0d, 0x00, 0x00, 0x00, 0x00, 0x00, 0x00, 0x0d,
    0x00, 0x00, 0x00, 0x00, 0x01, 0x00, 0x0d, 0x00, 0x00, 0x00, 0x00, 0x0e,
    0x20, 0x0d, 0x00, 0x01, 0x00, 0x00, 0x0d, 0x00, 0x0e, 0x55, 0x5c, 0x80,
    0x00, 0x0d, 0x00, 0x0d, 0x11, 0x11, 0x10, 0x00, 0x0d, 0x00, 0x0d, 0x00,
    0x00, 0x00, 0x00, 0x0d, 0x00, 0x0d, 0x00, 0x00, 0x00, 0x00, 0x0d, 0x00,
    0x0d, 0x00, 0x00, 0x00, 0x00, 0x0d, 0x00, 0x0d, 0x00, 0x00, 0x00, 0x11,
    0x1d, 0x11, 0x1d, 0x11, 0x12, 0xc4, 0x56, 0x55, 0x55, 0x55, 0x55, 0x55,
    0x54, 0x00, 0x00, 0x00, 0x00, 0x00, 0x00, 0x00, 0x00, 0x00, 0x00, 0x00,
    0x03, 0xc1, 0x00, 0x00, 0x00, 0x00, 0x02, 0x40, 0x03, 0xa0, 0x00, 0x10,
    0x00, 0x00, 0x04, 0xb0, 0x03, 0xc6, 0x66, 0xb6, 0x00, 0x00, 0x04, 0x90,
    0x03, 0xa0, 0x00, 0x00, 0x00, 0x00, 0x04, 0x90, 0x03, 0xa0, 0x00, 0x02,
    0x00, 0x06, 0x68, 0xb6, 0x67, 0xb6, 0x66, 0x6c, 0xa0, 0x01, 0x00, 0x00,
    0x03, 0x90, 0x00, 0x00, 0x00, 0x00, 0x00, 0x52, 0x03, 0xb0, 0x00, 0x25,
    0x00, 0x00, 0x01, 0xd4, 0x03, 0xa0, 0x01, 0xcb, 0x10, 0x00, 0x09, 0x50,
    0x03, 0xb0, 0x1b, 0x90, 0x00, 0x00, 0x57, 0x00, 0x03, 0xb1, 0xc7, 0x00,
    0x00, 0x03, 0x60, 0x00, 0x01, 0x7c, 0x40, 0x00, 0x00, 0x02, 0x00, 0x00,
    0x4a, 0x81, 0x00, 0x00, 0x00, 0x00, 0x03, 0x78, 0x51, 0x00, 0x00, 0x00,
    0x00, 0x04, 0x42, 0x00, 0x00, 0x00, 0x00, 0x00, 0x00, 0x00, 0x31, 0x00,
    0x02, 0x00, 0x03, 0x00, 0x00, 0x00, 0x1c, 0x40, 0x08, 0x96, 0x6d, 0x30,
    0x00, 0x00, 0x06, 0x81, 0x08, 0x50, 0x0c, 0x00, 0x00, 0x00, 0x00, 0x05,
    0x0a, 0x40, 0x0c, 0x00, 0x00, 0x09, 0x50, 0x05, 0x0c, 0x10, 0x0c, 0x21,
    0x20, 0x02, 0xf1, 0x42, 0x66, 0x00, 0x05, 0xaa, 0x90, 0x00, 0x50, 0x74,
    0x83, 0x33, 0x33, 0x80, 0x00, 0x00, 0x01, 0x71, 0x27, 0x33, 0x37, 0xc1,
    0x00, 0x00, 0x07, 0x20, 0x01, 0x50, 0x0b, 0x40, 0x00, 0x02, 0x3c, 0x00,
    0x00, 0x80, 0x4b, 0x00, 0x00, 0x03, 0xca, 0x00, 0x00, 0x38, 0xc2, 0x00,
    0x00, 0x00, 0x78, 0x00, 0x00, 0x1d, 0xa0, 0x00, 0x00, 0x00, 0xa8, 0x00,
    0x04, 0xb3, 0x7c, 0x50, 0x00, 0x00, 0x76, 0x04, 0x86, 0x00, 0x04, 0xde,
    0x91, 0x00, 0x01, 0x43, 0x00, 0x00, 0x00, 0x04, 0x00, 0x00, 0x00, 0x00,
    0x00, 0x00, 0x00, 0x00, 0x00, 0x00, 0x51, 0x00, 0x00, 0x08, 0x80, 0x00,
    0x00, 0x00, 0x3c, 0x10, 0x00, 0x08, 0x50, 0x00, 0x00, 0x00, 0x0a, 0x32,
    0x00, 0x08, 0x50, 0x01, 0x00, 0x00, 0x00, 0x05, 0x57, 0x6a, 0x96, 0x6b,
    0x10, 0x18, 0x10, 0x24, 0x00, 0x08, 0x50, 0x00, 0x00, 0x05, 0xc0, 0x60,
    0x00, 0x08, 0x50, 0x00, 0x00, 0x00, 0x91, 0x70, 0x00, 0x08, 0x50, 0x00,
    0x50, 0x00, 0x06, 0x27, 0x66, 0x6c, 0x76, 0x66, 0x71, 0x00, 0x0a, 0x00,
    0x00, 0x3e, 0x30, 0x00, 0x00, 0x14, 0x87, 0x00, 0x00, 0xb4, 0x00, 0x00,
    0x00, 0x03, 0xe3, 0x00, 0x06, 0x70, 0x04, 0x50, 0x00, 0x00, 0xc2, 0x00,
    0x38, 0x00, 0x00, 0x88, 0x00, 0x00, 0xf2, 0x05, 0xc6, 0x78, 0x76, 0x6d,
    0x70, 0x00, 0xa1, 0x06, 0xc7, 0x41, 0x00, 0x05, 0x80, 0x00, 0x00, 0x00,
    0x00, 0x00, 0x00, 0x00, 0x00, 0x00, 0x60, 0x03, 0x00, 0x03, 0x00, 0x06,
    0x30, 0x06, 0xa1, 0xd6, 0x66, 0xe1, 0x00, 0x94, 0x00, 0x09, 0x0c, 0x00,
    0x0b, 0x06, 0x29, 0x41, 0x20, 0x00, 0xc1, 0xa1, 0xb0, 0xb2, 0x84, 0x0a,
    0x40, 0x3c, 0x1c, 0x0b, 0x0b, 0x18, 0x40, 0x4b, 0x14, 0xc1, 0xc0, 0xb0,
    0xb1, 0x84, 0x00, 0x25, 0x1c, 0x1c, 0x0b, 0x0b, 0x18, 0x40, 0x00, 0x70,
    0xc1, 0xb0, 0xb0, 0xb1, 0x84, 0x00, 0x18, 0x0c, 0x39, 0x0c, 0x0b, 0x18,
    0x41, 0x59, 0x50, 0xc5, 0x70, 0xa0, 0xb1, 0x84, 0x03, 0xe2, 0x04, 0x95,
    0x00, 0x09, 0x18, 0x40, 0x0d, 0x10, 0x1b, 0x19, 0x20, 0x00, 0x84, 0x01,
    0xf1, 0x09, 0x20, 0x3d, 0x01, 0x09, 0x40, 0x09, 0x18, 0x20, 0x00, 0x90,
    0x4c, 0xf2, 0x00, 0x03, 0x00, 0x00, 0x00, 0x00, 0x24, 0x00, 0x00, 0x02,
    0xc1, 0x00, 0x04, 0x91, 0x00, 0x00, 0x00, 0x06, 0xa0, 0x00, 0x04, 0x93,
    0xa1, 0x00, 0x00, 0x0c, 0x74, 0x68, 0x04, 0x90, 0x98, 0x00, 0x00, 0x3b,
    0x22, 0x88, 0x04, 0x90, 0x25, 0x00, 0x00, 0xa6, 0xa1, 0xb5, 0x89, 0xb6,
    0x6c, 0x40, 0x03, 0xb3, 0x66, 0xc0, 0x07, 0x75, 0x00, 0x00, 0x17, 0x0d,
    0x38, 0x60, 0x0a, 0x38, 0x00, 0x00, 0x10, 0x05, 0x3c, 0x00, 0x1c, 0x06,
    0x60, 0x00, 0x00, 0x00, 0xb3, 0x00, 0xa4, 0x00, 0xc6, 0x00, 0x00, 0x19,
    0x30, 0x18, 0x40, 0x00, 0x3e, 0xb1, 0x03, 0x71, 0x01, 0x51, 0x00, 0x00,
    0x03, 0x00, 0x01, 0x06, 0x05, 0x30, 0x17, 0x00, 0x83, 0x00, 0x00, 0x76,
    0x01, 0xd0, 0x0a, 0x60, 0x2e, 0x20, 0x04, 0xe2, 0x00, 0xe1, 0x06, 0x80,
    0x0a, 0x40, 0x01, 0x20, 0x00, 0x10, 0x00, 0x00, 0x00, 0x00, 0x11, 0x00,
    0x40, 0x23, 0x33, 0x33, 0x70, 0x1c, 0x66, 0xd3, 0x34, 0xd4, 0x35, 0xc1,
    0x1b, 0x00, 0xc0, 0x01, 0xc0, 0x05, 0x90, 0x1b, 0x00, 0xc0, 0x08, 0x53,
    0x3a, 0x50, 0x1c, 0x33, 0xd0, 0x39, 0x00, 0x9b, 0x00, 0x1c, 0x33, 0xd3,
    0x66, 0x33, 0x34, 0x70, 0x1b, 0x00, 0xc0, 0x0e, 0x33, 0x37, 0x90, 0x1b,
    0x00, 0xc0, 0x0d, 0x00, 0x05, 0x90, 0x1d, 0x66, 0xd0, 0x0d, 0x55, 0x58,
    0x90, 0x1b, 0x00, 0xa0, 0x08, 0x11, 0x13, 0x40, 0x13, 0x10, 0x30, 0x02,
    0x10, 0x04, 0x00, 0x07, 0x20, 0x74, 0x01, 0xb1, 0x05, 0xa0, 0x2e, 0x10,
    0x3d, 0x00, 0x98, 0x00, 0xc8, 0xb9, 0x00, 0x09, 0x00, 0x34, 0x00, 0x67,
    0x00, 0x00, 0x00, 0x00, 0x00, 0x00, 0x00, 0x00, 0x01, 0x00, 0x00, 0xb3,
    0x00, 0x00, 0x00, 0x0e, 0x30, 0x00, 0xd1, 0x00, 0x00, 0x00, 0x0e, 0x00,
    0x00, 0xc1, 0x00, 0x00, 0x00, 0x0e, 0x00, 0x00, 0xc1, 0x00, 0x00, 0x00,
    0x0e, 0x44, 0x44, 0xd4, 0x44, 0xd4, 0x00, 0x0e, 0x22, 0x22, 0x22, 0x22,
    0x21, 0x00, 0x0e, 0x00, 0x00, 0x00, 0x00, 0x00, 0x00, 0x1d, 0x33, 0x33,
    0x39, 0x20, 0x00, 0x00, 0x3c, 0x33, 0x33, 0x3d, 0x20, 0x00, 0x00, 0x68,
    0x00, 0x00, 0x0c, 0x10, 0x00, 0x00, 0xa3, 0x00, 0x00, 0x0c, 0x10, 0x00,
    0x02, 0xa0, 0x00, 0x00, 0x0c, 0x10, 0x00, 0x09, 0x10, 0x00, 0x00, 0x0d,
    0x10, 0x00, 0x52, 0x00, 0x00, 0x00, 0x0d, 0x20, 0x00, 0x10, 0x00, 0x00,
    0x00, 0x05, 0x00, 0x00, 0x00, 0x00, 0x00, 0x00, 0x00, 0x00, 0x28, 0x00,
    0x00, 0x76, 0x66, 0x66, 0x6b, 0x66, 0x78, 0x30, 0x00, 0x01, 0x90, 0x00,
    0x0d, 0x00, 0x00, 0x00, 0x00, 0x06, 0xa0, 0x00, 0x0d, 0x00, 0x00, 0x00,
    0x00, 0x0d, 0x30, 0x00, 0x0d, 0x00, 0x04, 0x10, 0x00, 0x6d, 0x66, 0x66,
    0x8e, 0x66, 0x6c, 0x90, 0x00, 0x02, 0x00, 0x05, 0xcd, 0x00, 0x00, 0x00,
    0x00, 0x00, 0x00, 0x1d, 0x3d, 0x00, 0x00, 0x00, 0x00, 0x00, 0x00, 0xb6,
    0x0d, 0x00, 0x00, 0x00, 0x00, 0x00, 0x09, 0x70, 0x0d, 0x00, 0x00, 0x00,
    0x00, 0x00, 0x97, 0x00, 0x0d, 0x00, 0x00, 0x00, 0x00, 0x19, 0x40, 0x00,
    0x0d, 0x00, 0x00, 0x00, 0x03, 0x72, 0x00, 0x22, 0x3d, 0x00, 0x00, 0x00,
    0x13, 0x00, 0x00, 0x28, 0xf9, 0x00, 0x00, 0x00, 0x00, 0x00, 0x00, 0x00,
    0x40, 0x00, 0x00, 0x00, 0x00, 0x00, 0x85, 0x00, 0x09, 0x30, 0x00, 0x00,
    0x00, 0x00, 0xa4, 0x00, 0x0e, 0x14, 0x91, 0x00, 0x01, 0x00, 0xa4, 0x00,
    0x0d, 0x00, 0x8c, 0x00, 0x07, 0x50, 0xa4, 0x00, 0x0d, 0x00, 0x06, 0x00,
    0x01, 0xe3, 0x94, 0x00, 0x0d, 0x00, 0x07, 0x40, 0x00, 0xa4, 0x95, 0x86,
    0x6e, 0x86, 0x67, 0x60, 0x00, 0x00, 0x94, 0x00, 0x0d, 0x60, 0x00, 0x00,
    0x00, 0x02, 0xc4, 0x00, 0x2c, 0x53, 0x00, 0x00, 0x00, 0x47, 0x94, 0x00,
    0x59, 0x27, 0x00, 0x00, 0x18, 0x90, 0x94, 0x00, 0xa4, 0x0b, 0x00, 0x00,
    0x1a, 0x00, 0x94, 0x00, 0xd0, 0x07, 0x70, 0x00, 0x00, 0x00, 0xa4, 0x07,
    0x60, 0x01, 0xe3, 0x00, 0x00, 0x00, 0xa4, 0x2a, 0x00, 0x00, 0x7e, 0x40,
    0x00, 0x00, 0xa5, 0x91, 0x00, 0x00, 0x0b, 0xa2, 0x00, 0x00, 0x34, 0x00,
    0x00, 0x00, 0x00, 0x00, 0x00, 0x23, 0x11, 0x11, 0x11, 0x11, 0x36, 0x00,
    0x3c, 0x55, 0x58, 0xa5, 0x55, 0x8a, 0x00, 0x3a, 0x00, 0x05, 0x80, 0x00,
    0x58, 0x00, 0x3a, 0x00, 0x05, 0x80, 0x00, 0x58, 0x00, 0x3c, 0x44, 0x47,
    0x94, 0x44, 0x78, 0x00, 0x3b, 0x22, 0x26, 0x82, 0x22, 0x68, 0x00, 0x3a,
    0x00, 0x05, 0x80, 0x00, 0x58, 0x00, 0x49, 0x00, 0x05, 0x80, 0x00, 0x58,
    0x00, 0x5b, 0x66, 0x69, 0xa6, 0x66, 0x98, 0x00, 0x76, 0x00, 0x05, 0x80,
    0x00, 0x58, 0x00, 0xa3, 0x00, 0x05, 0x80, 0x00, 0x58, 0x00, 0xc0, 0x00,
    0x05, 0x80, 0x00, 0x58, 0x05, 0x50, 0x00, 0x05, 0x80, 0x32, 0x88, 0x08,
    0x00, 0x00, 0x05, 0x60, 0x28, 0xf5, 0x11, 0x00, 0x00, 0x00, 0x00, 0x00,
    0x30, 0x00, 0x00, 0x00, 0x00, 0x00, 0x00, 0x00, 0x00, 0x0b, 0x30, 0x00,
    0x3a, 0x10, 0x00, 0x00, 0x1c, 0x00, 0x00, 0x7b, 0x00, 0x00, 0x01, 0x53,
    0x03, 0x00, 0xc3, 0x00, 0x10, 0x1d, 0x76, 0x6e, 0x33, 0xc6, 0x66, 0xc7,
    0x1c, 0x00, 0x0c, 0x09, 0x20, 0x00, 0xc3, 0x0c, 0x00, 0x0c, 0x36, 0x00,
    0x00, 0xc2, 0x0c, 0x00, 0x0c, 0x42, 0x50, 0x00, 0xc2, 0x0d, 0x66, 0x6d,
    0x00, 0xa5, 0x00, 0xd2, 0x0c, 0x00, 0x0c, 0x00, 0x4b, 0x00, 0xd1, 0x0c,
    0x00, 0x0c, 0x00, 0x14, 0x00, 0xd1, 0x0c, 0x00, 0x0c, 0x00, 0x00, 0x00,
    0xe0, 0x1c, 0x00, 0x0d, 0x00, 0x00, 0x00, 0xe0, 0x1d, 0x66, 0x6d, 0x00,
    0x15, 0x36, 0xc0, 0x1b, 0x00, 0x0a, 0x00, 0x02, 0xbf, 0x50, 0x01, 0x00,
    0x00, 0x00, 0x00, 0x12, 0x00, 0x10, 0x00, 0x00, 0x00, 0x20, 0x4b, 0x66,
    0x66, 0x66, 0xc9, 0x4a, 0x00, 0x00, 0x00, 0x95, 0x4a, 0x00, 0x00, 0x00,
    0x95, 0x4b, 0x22, 0x22, 0x22, 0xa5, 0x4c, 0x44, 0x44, 0x44, 0xb5, 0x4a,
    0x00, 0x00, 0x00, 0x95, 0x4a, 0x00, 0x00, 0x00, 0x95, 0x4c, 0x66, 0x66,
    0x66, 0xc5, 0x4a, 0x00, 0x00, 0x00, 0x95, 0x4a, 0x00, 0x00, 0x00, 0x95,
    0x4a, 0x00, 0x00, 0x00, 0x95, 0x4c, 0x66, 0x66, 0x66, 0xc5, 0x4a, 0x00,
    0x00, 0x00, 0x95, 0x11, 0x00, 0x00, 0x00, 0x10, 0x00, 0x00, 0xb2, 0x00,
    0x00, 0x00, 0x00, 0x00, 0x00, 0x0d, 0x00, 0x06, 0x44, 0x44, 0x93, 0x00,
    0x00, 0xc0, 0x00, 0xa5, 0x22, 0x2c, 0x30, 0x00, 0x0c, 0x04, 0x3a, 0x40,
    0x00, 0xb2, 0x06, 0x76, 0xe6, 0x76, 0xa4, 0x00, 0x0b, 0x20, 0x00, 0x4e,
    0x00, 0x09, 0x86, 0x66, 0xd2, 0x00, 0x09, 0xe9, 0x50, 0x94, 0x00, 0x0b,
    0x20, 0x01, 0xcd, 0x1e, 0x19, 0x40, 0x00, 0xb2, 0x00, 0x65, 0xc0, 0x30,
    0x98, 0x66, 0x6d, 0x20, 0x0a, 0x0c, 0x00, 0x09, 0x40, 0x00, 0xb2, 0x06,
    0x20, 0xd0, 0x00, 0xa4, 0x00, 0x0b, 0x22, 0x40, 0x0d, 0x00, 0x0a, 0x40,
    0x00, 0xb2, 0x00, 0x00, 0xd0, 0x00, 0xa8, 0x66, 0x6d, 0x20, 0x00, 0x0e,
    0x00, 0x0a, 0x40, 0x00, 0xb2, 0x00, 0x00, 0x30, 0x00, 0x20, 0x00, 0x01,
    0x00, 0x00, 0x00, 0x00, 0x00, 0x00, 0x00, 0x00, 0x00, 0x00, 0x00, 0x00,
    0x00, 0x14, 0x7b, 0xc1, 0x00, 0x01, 0x55, 0x67, 0x8d, 0x97, 0x53, 0x10,
    0x00, 0x00, 0x00, 0x00, 0x5b, 0x00, 0x01, 0x30, 0x00, 0x00, 0x47, 0x66,
    0xc9, 0x66, 0x68, 0x91, 0x00, 0x00, 0x00, 0x01, 0xd0, 0x00, 0x00, 0x01,
    0x30, 0x18, 0x66, 0x6a, 0xa6, 0x66, 0x66, 0x69, 0xa1, 0x00, 0x00, 0x1c,
    0x00, 0x00, 0x01, 0x00, 0x00, 0x00, 0x00, 0xab, 0x66, 0x66, 0x6c, 0x50,
    0x00, 0x00, 0x07, 0x8a, 0x00, 0x00, 0x0a, 0x30, 0x00, 0x00, 0x66, 0x3c,
    0x66, 0x66, 0x6c, 0x30, 0x00, 0x05, 0x40, 0x3a, 0x00, 0x00, 0x0a, 0x30,
    0x00, 0x11, 0x00, 0x3c, 0x66, 0x66, 0x6c, 0x30, 0x00, 0x00, 0x00, 0x3a,
    0x00, 0x00, 0x0a, 0x30, 0x00, 0x00, 0x00, 0x3c, 0x66, 0x66, 0x6c, 0x30,
    0x00, 0x00, 0x00, 0x24, 0x00, 0x00, 0x04, 0x10, 0x00, 0x00, 0x00, 0x02,
    0x20, 0x00, 0x00, 0x23, 0x00, 0x07, 0x6b, 0x68, 0x75, 0x76, 0x66, 0xa9,
    0x00, 0x00, 0x1d, 0x00, 0x00, 0x62, 0x00, 0x94, 0x00, 0x00, 0x58, 0x00,
    0x00, 0xc1, 0x00, 0xa2, 0x00, 0x00, 0x93, 0x00, 0x00, 0xc0, 0x00, 0xc0,
    0x00, 0x00, 0xd6, 0x6b, 0x00, 0xc0, 0x00, 0xc0, 0x00, 0x05, 0xf0, 0x1a,
    0x01, 0xb0, 0x01, 0xc0, 0x10, 0x08, 0xb0, 0x1a, 0x04, 0xb6, 0x66, 0x86,
    0xd0, 0x32, 0xb0, 0x1a, 0x00, 0x00, 0x00, 0x02, 0x90, 0x00, 0xb0, 0x1a,
    0x12, 0x22, 0x26, 0x54, 0x80, 0x00, 0xb1, 0x2b, 0x35, 0x44, 0x44, 0x36,
    0x60, 0x00, 0xc5, 0x5b, 0x00, 0x00, 0x00, 0x08, 0x40, 0x00, 0xc0, 0x02,
    0x00, 0x00, 0x34, 0x3c, 0x20, 0x00, 0x40, 0x00, 0x00, 0x00, 0x04, 0xe9,
    0x00, 0x00, 0x00, 0x00, 0x00, 0x00, 0x00, 0x20, 0x00, 0x00, 0x00, 0x00,
    0x00, 0x00, 0x00, 0x00, 0x00, 0x00, 0x00, 0x00, 0x01, 0xc1, 0x00, 0x00,
    0x00, 0x00, 0x03, 0x60, 0x79, 0x22, 0x70, 0x00, 0x76, 0xd8, 0x65, 0x1b,
    0x44, 0x7c, 0x20, 0x00, 0x0d, 0x00, 0x08, 0x20, 0x09, 0x10, 0x00, 0x04,
    0x80, 0x03, 0x97, 0x68, 0x86, 0xa6, 0x00, 0x93, 0x04, 0x36, 0x70, 0x75,
    0x08, 0x50, 0x0e, 0x76, 0xe2, 0x67, 0x07, 0x50, 0x85, 0x06, 0xd2, 0x0c,
    0x06, 0xa6, 0xa9, 0x6a, 0x50, 0x79, 0x20, 0xc0, 0x66, 0x07, 0x50, 0x85,
    0x20, 0x92, 0x0c, 0x07, 0x96, 0xa9, 0x6a, 0x50, 0x0a, 0x42, 0xd0, 0x93,
    0x07, 0x50, 0x85, 0x00, 0xa5, 0x4d, 0x0b, 0x00, 0x75, 0x08, 0x50, 0x0a,
    0x20, 0x15, 0x60, 0x07, 0x50, 0x85, 0x00, 0x20, 0x01, 0x70, 0x00, 0x65,
    0x8e, 0x30, 0x00, 0x00, 0x30, 0x00, 0x00, 0x00, 0x30, 0x00, 0x00, 0x00,
    0x00, 0x00, 0x00, 0x50, 0x00, 0x00, 0x17, 0x66, 0x66, 0x66, 0x67, 0xa4,
    0x00, 0x00, 0x00, 0x00, 0x00, 0x00, 0x00, 0x00, 0x00, 0x00, 0x00, 0x00,
    0x00, 0x00, 0x00, 0x00, 0x00, 0x00, 0x00, 0x00, 0x00, 0x00, 0x00, 0x02,
    0x30, 0x07, 0x66, 0x66, 0x67, 0x86, 0x66, 0x6a, 0xa1, 0x00, 0x00, 0x00,
    0x07, 0x80, 0x00, 0x00, 0x00, 0x00, 0x00, 0x87, 0x07, 0x80, 0x40, 0x00,
    0x00, 0x00, 0x01, 0xe4, 0x07, 0x80, 0x39, 0x10, 0x00, 0x00, 0x09, 0x70,
    0x07, 0x80, 0x04, 0xc1, 0x00, 0x00, 0x4a, 0x00, 0x07, 0x80, 0x00, 0x8d,
    0x10, 0x02, 0x90, 0x00, 0x07, 0x80, 0x00, 0x0d, 0x50, 0x17, 0x00, 0x14,
    0x3a, 0x70, 0x00, 0x04, 0x20, 0x00, 0x00, 0x03, 0xcf, 0x40, 0x00, 0x00,
    0x00, 0x00, 0x00, 0x00, 0x23, 0x00, 0x00, 0x00, 0x00, 0x00, 0x00, 0x00,
    0x10, 0x00, 0x00, 0x00, 0x00, 0x00, 0x00, 0x01, 0xb6, 0x00, 0x00, 0x00,
    0x03, 0x33, 0x33, 0x35, 0xb3, 0x33, 0x3a, 0x60, 0x44, 0x43, 0x33, 0x33,
    0x63, 0x43, 0x33, 0x00, 0x07, 0x82, 0x55, 0x6b, 0x28, 0x70, 0x00, 0x00,
    0x76, 0x00, 0xad, 0x70, 0x85, 0x00, 0x00, 0x07, 0x64, 0x62, 0x0a, 0x78,
    0x50, 0x00, 0x00, 0x89, 0x76, 0x66, 0x68, 0xa5, 0x00, 0x00, 0x02, 0x20,
    0x08, 0x80, 0x04, 0x20, 0x00, 0x0a, 0x66, 0x66, 0xd6, 0x66, 0x66, 0xd1,
    0x00, 0xc1, 0x00, 0x92, 0x12, 0x00, 0x1b, 0x00, 0x0b, 0x10, 0x74, 0x00,
    0x89, 0x01, 0xb0, 0x00, 0xb1, 0x6e, 0x98, 0x65, 0xb5, 0x1b, 0x00, 0x0c,
    0x10, 0x10, 0x00, 0x02, 0x21, 0xb0, 0x00, 0xc1, 0x00, 0x00, 0x00, 0x38,
    0xe9, 0x00, 0x05, 0x00, 0x00, 0x00, 0x00, 0x04, 0x00, 0x00, 0x00, 0x00,
    0x00, 0x00, 0x00, 0x00, 0x00, 0x00, 0x00, 0x63, 0x00, 0x08, 0x70, 0x00,
    0x03, 0x58, 0xb8, 0x40, 0x00, 0x94, 0x00, 0x00, 0x00, 0x48, 0x00, 0x00,
    0x09, 0x40, 0x00, 0x00, 0x04, 0x80, 0x00, 0xa3, 0x94, 0x64, 0x00, 0x55,
    0x7b, 0x7a, 0x1e, 0x18, 0x40, 0xb7, 0x03, 0x29, 0x91, 0x13, 0x90, 0x94,
    0x02, 0xd0, 0x00, 0xdb, 0x50, 0x73, 0x09, 0x40, 0x04, 0x00, 0x5b, 0x8a,
    0x59, 0x00, 0x94, 0x08, 0x10, 0x0a, 0x48, 0x25, 0x30, 0x09, 0x45, 0xd3,
    0x06, 0x34, 0x80, 0x10, 0x00, 0x74, 0xd2, 0x02, 0x40, 0x49, 0x00, 0x00,
    0x01, 0xc4, 0x00, 0x00, 0x04, 0x90, 0x00, 0x02, 0xc4, 0x00, 0x00, 0x00,
    0x49, 0x00, 0x07, 0xa2, 0x00, 0x00, 0x00, 0x04, 0x91, 0x68, 0x40, 0x00,
    0x00, 0x00, 0x00, 0x22, 0x20, 0x00, 0x00, 0x00, 0x00, 0x00, 0x00, 0x00,
    0x00, 0x00, 0x00, 0x00, 0x00, 0x00, 0x00, 0x05, 0x40, 0x1d, 0x20, 0x00,
    0x00, 0x01, 0x59, 0xca, 0x60, 0x5c, 0x00, 0x00, 0x00, 0x04, 0x25, 0x80,
    0x00, 0xa4, 0x00, 0x01, 0x30, 0x00, 0x05, 0x80, 0x01, 0xc6, 0x66, 0x6b,
    0xc0, 0x14, 0x47, 0x9a, 0x57, 0x40, 0x61, 0x0a, 0x00, 0x04, 0x2a, 0x82,
    0x27, 0x00, 0xb3, 0x21, 0x00, 0x00, 0x0d, 0xb3, 0x30, 0x20, 0xb2, 0x00,
    0x00, 0x00, 0x5d, 0x8a, 0x50, 0xc5, 0xb3, 0x50, 0x00, 0x00, 0xa6, 0x83,
    0xa2, 0xc0, 0xa2, 0x65, 0x00, 0x04, 0x65, 0x80, 0x09, 0x40, 0xa2, 0x0c,
    0x20, 0x16, 0x05, 0x80, 0x29, 0x00, 0xa2, 0x07, 0xa0, 0x20, 0x05, 0x80,
    0x81, 0x00, 0xa2, 0x01, 0xb0, 0x00, 0x05, 0x81, 0x10, 0x20, 0xb2, 0x00,
    0x00, 0x00, 0x05, 0x80, 0x00, 0x4d, 0xe0, 0x00, 0x00, 0x00, 0x02, 0x10,
    0x00, 0x02, 0x20, 0x00, 0x00, 0x00, 0x00, 0x29, 0x32, 0x10, 0x00, 0x03,
    0x00, 0x04, 0x6a, 0xb6, 0x35, 0xa6, 0x66, 0x6d, 0x40, 0x00, 0x05, 0x80,
    0x05, 0x80, 0x00, 0x0c, 0x00, 0x00, 0x05, 0x80, 0x05, 0x80, 0x00, 0x0c,
    0x00, 0x15, 0x58, 0xa7, 0x95, 0xa5, 0x55, 0x5d, 0x00, 0x03, 0x1a, 0x81,
    0x16, 0x71, 0x11, 0x18, 0x00, 0x00, 0x0d, 0xb4, 0x01, 0x11, 0x11, 0x14,
    0x40, 0x00, 0x3d, 0x8a, 0x66, 0x55, 0xb7, 0x55, 0x40, 0x00, 0x87, 0x82,
    0x60, 0x00, 0x93, 0x00, 0x00, 0x01, 0x95, 0x80, 0x00, 0x00, 0x93, 0x06,
    0x10, 0x07, 0x15, 0x80, 0x04, 0x76, 0xc7, 0x66, 0x30, 0x23, 0x05, 0x80,
    0x00, 0x00, 0x93, 0x00, 0x00, 0x00, 0x05, 0x80, 0x00, 0x00, 0x93, 0x00,
    0x30, 0x00, 0x05, 0x80, 0x76, 0x66, 0x86, 0x67, 0x91, 0x00, 0x03, 0x20,
    0x00, 0x00, 0x00, 0x00, 0x00, 0x00, 0x00, 0x00, 0x00, 0x00, 0x10, 0x00,
    0x00, 0x00, 0x02, 0x85, 0x00, 0x09, 0x60, 0x00, 0x04, 0x68, 0xd6, 0x32,
    0x60, 0x94, 0x0c, 0x30, 0x00, 0x2a, 0x00, 0x0a, 0x59, 0x45, 0x80, 0x00,
    0x02, 0xa0, 0x10, 0x56, 0x94, 0x80, 0x00, 0x66, 0x7c, 0x6c, 0x57, 0x6b,
    0x86, 0xa3, 0x00, 0x08, 0xa0, 0x03, 0x90, 0x00, 0x0b, 0x20, 0x00, 0xcc,
    0x92, 0x39, 0x00, 0x00, 0xb2, 0x00, 0x3b, 0xa5, 0xb3, 0xc6, 0x66, 0x6d,
    0x20, 0x0a, 0x4a, 0x03, 0x39, 0x00, 0x00, 0xb2, 0x03, 0x62, 0xa0, 0x03,
    0xc6, 0x66, 0x6d, 0x20, 0x70, 0x2a, 0x00, 0x39, 0x00, 0x00, 0xb2, 0x10,
    0x02, 0xb0, 0x03, 0x90, 0x00, 0x0b, 0x20, 0x00, 0x2b, 0x00, 0x39, 0x00,
    0x00, 0xc2, 0x00, 0x02, 0xb0, 0x03, 0x90, 0x05, 0xbe, 0x10, 0x00, 0x13,
    0x00, 0x23, 0x00, 0x02, 0x30, 0x00, 0x00, 0x03, 0x92, 0x00, 0x00, 0x00,
    0x00, 0x00, 0x00, 0x06, 0xa0, 0x00, 0x00, 0x00, 0x07, 0x66, 0x66, 0x69,
    0x66, 0x66, 0xa7, 0x01, 0xd0, 0x02, 0x30, 0x01, 0x00, 0x0c, 0x60, 0x7a,
    0x01, 0xc9, 0x00, 0x49, 0x53, 0x30, 0x00, 0x01, 0xb6, 0x00, 0x00, 0x19,
    0xd4, 0x00, 0x03, 0x92, 0x00, 0x00, 0x00, 0x07, 0xc0, 0x03, 0x43, 0x44,
    0x44, 0x44, 0x4a, 0x52, 0x00, 0x00, 0x23, 0x22, 0x88, 0x22, 0x22, 0x00,
    0x00, 0x00, 0x00, 0x08, 0x70, 0x00, 0x00, 0x00, 0x00, 0x00, 0x00, 0x87,
    0x00, 0x00, 0x00, 0x00, 0x00, 0x00, 0x08, 0x70, 0x00, 0x00, 0x00, 0x00,
    0x00, 0x00, 0x87, 0x00, 0x00, 0x40, 0x05, 0x76, 0x66, 0x68, 0x86, 0x66,
    0x6b, 0x70, 0x00, 0x00, 0x00, 0x00, 0x00, 0x00, 0x00, 0x00, 0x00, 0x41,
    0x00, 0x01, 0x01, 0xc0, 0x00, 0x00, 0x00, 0x1c, 0x00, 0x1c, 0x00, 0xb0,
    0x0d, 0x10, 0x00, 0x09, 0x00, 0x1a, 0x00, 0xb0, 0x0c, 0x00, 0x05, 0x66,
    0x8a, 0x3c, 0x55, 0xc5, 0x5c, 0x00, 0x02, 0x10, 0x31, 0x24, 0x11, 0x11,
    0x17, 0x00, 0x03, 0x10, 0xa6, 0x33, 0x33, 0x33, 0x35, 0x80, 0x01, 0x80,
    0xc0, 0x43, 0x3b, 0x63, 0x33, 0x30, 0x00, 0xc0, 0xa0, 0x21, 0x08, 0x00,
    0x03, 0x20, 0x00, 0xc3, 0x60, 0x5a, 0x6d, 0x6d, 0x6c, 0x60, 0x00, 0x25,
    0x12, 0x68, 0x0b, 0x0b, 0x09, 0x30, 0x01, 0x4a, 0x73, 0x58, 0x0b, 0x0b,
    0x09, 0x30, 0x1e, 0x81, 0x00, 0x58, 0x0b, 0x0b, 0x09, 0x30, 0x01, 0x00,
    0x00, 0x58, 0x0b, 0x0b, 0x09, 0x30, 0x00, 0x00, 0x00, 0x58, 0x05, 0x02,
    0x8d, 0x20, 0x00, 0x00, 0x00, 0x21, 0x00, 0x00, 0x16, 0x00, 0x00, 0x04,
    0xa0, 0x00, 0x05, 0x90, 0x00, 0x00, 0x00, 0xc7, 0x12, 0x80, 0xc6, 0x11,
    0x63, 0x00, 0x69, 0x89, 0x55, 0x79, 0x79, 0x55, 0x40, 0x47, 0x00, 0xc1,
    0x27, 0x00, 0xc1, 0x00, 0x03, 0x14, 0x46, 0x46, 0x44, 0x46, 0x91, 0x00,
    0x00, 0x42, 0x22, 0x4a, 0x22, 0x2d, 0x10, 0x00, 0x04, 0x10, 0x03, 0x90,
    0x00, 0xc0, 0x00, 0x00, 0xb7, 0x66, 0x7c, 0x66, 0x6c, 0x00, 0x00, 0x1d,
    0x00, 0x03, 0x90, 0x00, 0x01, 0x00, 0x06, 0xb6, 0x67, 0xbc, 0x66, 0x66,
    0xc6, 0x00, 0x01, 0x01, 0xc6, 0x90, 0x00, 0x0d, 0x10, 0x00, 0x02, 0xb3,
    0x39, 0x01, 0x01, 0xd0, 0x00, 0x06, 0x91, 0x03, 0x90, 0x2a, 0xd8, 0x00,
    0x57, 0x30, 0x00, 0x3a, 0x00, 0x16, 0x00, 0x11, 0x00, 0x00, 0x02, 0x40,
    0x00, 0x00, 0x00, 0x00, 0x00, 0x00, 0x00, 0x00, 0x00, 0x00, 0x00, 0x00,
    0x06, 0xa1, 0x00, 0x02, 0xd2, 0x00, 0x00, 0x00, 0x0d, 0x71, 0x18, 0x17,
    0x91, 0x13, 0x50, 0x00, 0x5a, 0x87, 0x55, 0x3b, 0x5a, 0x55, 0x40, 0x01,
    0xa0, 0x1d, 0x11, 0x61, 0x06, 0x80, 0x00, 0x07, 0x10, 0x08, 0x13, 0xb0,
    0x02, 0x60, 0x00, 0x10, 0x06, 0x76, 0x67, 0xc6, 0x66, 0xb6, 0x00, 0x00,
    0x00, 0x00, 0x03, 0xa0, 0x00, 0x00, 0x10, 0x06, 0x66, 0x66, 0x67, 0xb6,
    0x66, 0x68, 0xa0, 0x00, 0x00, 0x00, 0x00, 0x00, 0x47, 0x00, 0x00, 0x01,
    0x55, 0x55, 0x55, 0x55, 0x8b, 0x59, 0x80, 0x00, 0x31, 0x16, 0x11, 0x11,
    0x59, 0x11, 0x10, 0x00, 0x00, 0x06, 0x90, 0x00, 0x58, 0x00, 0x00, 0x00,
    0x00, 0x00, 0xd0, 0x00, 0x58, 0x00, 0x00, 0x00, 0x00, 0x00, 0x00, 0x4a,
    0xd7, 0x00, 0x00, 0x00, 0x00, 0x00, 0x00, 0x01, 0x70, 0x00, 0x00, 0x00,
    0x00, 0x00, 0x00, 0x00, 0x00, 0x00, 0x00, 0x00, 0x00, 0x00, 0x01, 0x47,
    0xbe, 0x30, 0x00, 0x25, 0x56, 0x7b, 0xa6, 0x42, 0x11, 0x00, 0x00, 0x00,
    0x02, 0xd7, 0x00, 0x00, 0x00, 0x00, 0x00, 0x03, 0xa2, 0x00, 0x1a, 0x30,
    0x00, 0x00, 0x28, 0x93, 0x34, 0x5c, 0x72, 0x00, 0x00, 0x03, 0xd9, 0x64,
    0xa9, 0x10, 0x00, 0x00, 0x00, 0x00, 0x05, 0x93, 0x02, 0x61, 0x00, 0x00,
    0x01, 0x69, 0x40, 0x01, 0x15, 0xe6, 0x00, 0x00, 0xcf, 0xa8, 0x8e, 0x54,
    0x35, 0xf0, 0x00, 0x02, 0x13, 0x00, 0xd0, 0x10, 0x04, 0x00, 0x00, 0x02,
    0xe5, 0x0d, 0x05, 0x82, 0x00, 0x00, 0x02, 0xc4, 0x00, 0xd0, 0x03, 0xd9,
    0x00, 0x05, 0x91, 0x12, 0x1e, 0x00, 0x03, 0xe5, 0x05, 0x30, 0x00, 0x4d,
    0xc0, 0x00, 0x06, 0x30, 0x00, 0x00, 0x00, 0x31, 0x00, 0x00, 0x00, 0x00,
    0x00, 0x00, 0x00, 0x00, 0x00, 0x00, 0x00, 0x00, 0x46, 0x00, 0x04, 0xb1,
    0x10, 0x00, 0x00, 0x09, 0x70, 0x00, 0x3a, 0x0a, 0x90, 0x00, 0x01, 0xc0,
    0x20, 0x03, 0xb0, 0x0c, 0x00, 0x00, 0x83, 0x0a, 0x80, 0x2b, 0x00, 0x4b,
    0x10, 0x38, 0x03, 0xc5, 0x56, 0xc5, 0x54, 0x31, 0x0d, 0x95, 0xc3, 0x00,
    0x1c, 0x00, 0x03, 0x00, 0x30, 0x66, 0x00, 0x01, 0xd4, 0x55, 0xb5, 0x00,
    0x2a, 0x03, 0x65, 0x5e, 0x10, 0x20, 0x00, 0x3c, 0x35, 0x52, 0x00, 0xb2,
    0x1d, 0x70, 0x08, 0xe7, 0x20, 0x00, 0x08, 0x6b, 0x80, 0x00, 0x11, 0x00,
    0x00, 0x00, 0x5f, 0x70, 0x04, 0x01, 0x35, 0x76, 0x50, 0x3c, 0xd6, 0x00,
    0x81, 0xea, 0x50, 0x01, 0x89, 0x11, 0xd7, 0x48, 0x01, 0x00, 0x05, 0x61,
    0x00, 0x01, 0xbf, 0x90, 0x00, 0x00, 0x00, 0x00, 0x00, 0x00, 0x36, 0x00,
    0x00, 0x00, 0x00, 0x00, 0x00, 0x00, 0x00, 0x00, 0x61, 0x00, 0x85, 0x00,
    0x00, 0x00, 0x00, 0x2d, 0x20, 0x08, 0x50, 0x35, 0x47, 0x30, 0x08, 0x40,
    0x12, 0x96, 0x65, 0x92, 0xc5, 0x01, 0x80, 0x58, 0x6a, 0x74, 0x58, 0x1b,
    0x00, 0x83, 0x3c, 0x30, 0x85, 0x04, 0x84, 0x40, 0x0b, 0x78, 0x70, 0x39,
    0x77, 0x48, 0x60, 0x00, 0x01, 0x90, 0x04, 0x97, 0x34, 0x84, 0x30, 0x00,
    0x81, 0x00, 0x08, 0x40, 0x48, 0x08, 0x10, 0xba, 0x85, 0x32, 0x95, 0x75,
    0x80, 0x29, 0x05, 0x20, 0x02, 0x5b, 0x64, 0x58, 0x00, 0xd0, 0x00, 0x00,
    0x20, 0xc0, 0x04, 0x96, 0x6c, 0x03, 0x78, 0x51, 0x58, 0x00, 0x48, 0x2b,
    0x31, 0xb5, 0x00, 0x2a, 0x10, 0x04, 0x80, 0x00, 0x00, 0x00, 0x37, 0x10,
    0x00, 0x48, 0x00, 0x00, 0x00, 0x12, 0x00, 0x00, 0x02, 0x10, 0x00, 0x00,
    0x08, 0x60, 0x00, 0x85, 0x00, 0x00, 0x00, 0x00, 0x0c, 0x10, 0x00, 0xd1,
    0x00, 0x10, 0x00, 0x00, 0x65, 0x00, 0x05, 0xc6, 0x66, 0xc7, 0x00, 0x01,
    0x80, 0x2c, 0x1a, 0x61, 0x02, 0xd0, 0x00, 0x0a, 0x43, 0xa5, 0x45, 0x17,
    0x0b, 0x40, 0x00, 0x08, 0x65, 0x90, 0x60, 0x07, 0xa8, 0x00, 0x00, 0x00,
    0x09, 0x10, 0x00, 0x08, 0xe7, 0x00, 0x00, 0x00, 0x72, 0x00, 0x01, 0xa7,
    0x08, 0xc7, 0x20, 0x08, 0xb8, 0x64, 0x5b, 0x31, 0x11, 0x7b, 0xa1, 0x03,
    0x50, 0x03, 0x18, 0x75, 0x55, 0xc4, 0x00, 0x00, 0x00, 0x02, 0x08, 0x40,
    0x00, 0xa2, 0x00, 0x14, 0x78, 0x72, 0x09, 0x40, 0x00, 0xa2, 0x00, 0x1c,
    0x50, 0x00, 0x09, 0x86, 0x66, 0xc2, 0x00, 0x00, 0x00, 0x00, 0x09, 0x30,
    0x00, 0x92, 0x00, 0x00, 0x00, 0x00, 0x01, 0x00, 0x00, 0x00, 0x00, 0x00,
    0x05, 0x30, 0x21, 0x00, 0x55, 0x00, 0x00, 0x00, 0x0c, 0x40, 0x5a, 0x00,
    0x66, 0x00, 0x00, 0x00, 0x3a, 0x00, 0x57, 0x50, 0x66, 0x1a, 0x10, 0x00,
    0x82, 0x06, 0x67, 0x59, 0x66, 0x57, 0x00, 0x02, 0x70, 0x1d, 0x77, 0x08,
    0x66, 0x70, 0x00, 0x0b, 0x76, 0xa4, 0x57, 0x00, 0x66, 0x04, 0x10, 0x05,
    0x32, 0x80, 0x57, 0x76, 0xc9, 0x66, 0x40, 0x00, 0x08, 0x00, 0x57, 0x01,
    0xe8, 0x00, 0x00, 0x00, 0x71, 0x13, 0x57, 0x08, 0xa7, 0xa2, 0x00, 0x06,
    0xd9, 0x62, 0x57, 0x29, 0x66, 0x4d, 0x00, 0x01, 0x20, 0x00, 0x57, 0x81,
    0x66, 0x05, 0x00, 0x00, 0x01, 0x45, 0x68, 0x10, 0x66, 0x00, 0x00, 0x07,
    0xb9, 0x30, 0x57, 0x00, 0x64, 0x00, 0x20, 0x04, 0x20, 0x00, 0x99, 0x66,
    0x66, 0x68, 0x90, 0x00, 0x00, 0x00, 0x10, 0x00, 0x00, 0x00, 0x00, 0x00,
    0x00, 0x00, 0x00, 0x00, 0x00, 0x00, 0x00, 0x00, 0x07, 0x20, 0x00, 0x05,
    0x80, 0x00, 0x00, 0x00, 0x0d, 0x20, 0x00, 0x05, 0x80, 0x12, 0x00, 0x00,
    0x67, 0x00, 0x18, 0x69, 0xa6, 0x89, 0x00, 0x00, 0xa0, 0x1c, 0x10, 0x05,
    0x80, 0x00, 0x00, 0x05, 0x50, 0x69, 0x67, 0x68, 0x96, 0x69, 0xa0, 0x1d,
    0x86, 0xc1, 0x04, 0x11, 0x91, 0x09, 0x30, 0x04, 0x17, 0x40, 0x02, 0xd2,
    0xe0, 0x11, 0x00, 0x00, 0x28, 0x00, 0x56, 0x21, 0xc0, 0x00, 0x00, 0x02,
    0xa2, 0x45, 0x0a, 0x41, 0xb0, 0x00, 0x10, 0x08, 0xd7, 0x32, 0x66, 0x67,
    0xc6, 0x6a, 0xb0, 0x01, 0x00, 0x00, 0x20, 0x05, 0x80, 0x00, 0x00, 0x00,
    0x02, 0x55, 0x10, 0x0b, 0x75, 0x10, 0x00, 0x0a, 0xc7, 0x20, 0x00, 0x97,
    0x04, 0xc7, 0x00, 0x03, 0x00, 0x00, 0x59, 0x40, 0x00, 0x1d, 0x30, 0x00,
    0x00, 0x15, 0x20, 0x00, 0x00, 0x01, 0x00, 0x12, 0x00, 0x00, 0x00, 0x00,
    0x00, 0x50, 0x1d, 0x66, 0x66, 0x66, 0x66, 0x66, 0xe2, 0x1c, 0x00, 0x01,
    0x00, 0x00, 0x00, 0xd0, 0x1c, 0x20, 0x0d, 0x41, 0x03, 0xc0, 0xd0, 0x1c,
    0x17, 0x2c, 0x06, 0x07, 0x80, 0xd0, 0x1c, 0x05, 0xc5, 0x01, 0x8b, 0x10,
    0xd0, 0x1c, 0x00, 0xe3, 0x00, 0x6b, 0x00, 0xd0, 0x1c, 0x04, 0x9c, 0x00,
    0x9c, 0x50, 0xd0, 0x1c, 0x09, 0x0b, 0x42, 0x83, 0xe1, 0xd0, 0x1c, 0x34,
    0x06, 0x18, 0x10, 0xc3, 0xd0, 0x1c, 0x30, 0x00, 0x42, 0x00, 0x30, 0xd0,
    0x1c, 0x00, 0x00, 0x00, 0x00, 0x00, 0xd0, 0x1c, 0x00, 0x00, 0x00, 0x00,
    0x45, 0xe0, 0x2b, 0x00, 0x00, 0x00, 0x00, 0x2c, 0x80, 0x00, 0x00, 0x00,
    0x00, 0x00, 0x01, 0x00, 0x00, 0x46, 0x55, 0x55, 0x55, 0x55, 0x76, 0x00,
    0x00, 0x68, 0x23, 0xd2, 0x2c, 0x32, 0x88, 0x00, 0x00, 0x68, 0x01, 0xc0,
    0x0b, 0x10, 0x78, 0x00, 0x00, 0x6b, 0x77, 0x99, 0x79, 0x77, 0xa7, 0x00,
    0x00, 0x21, 0x11, 0x1b, 0x61, 0x11, 0x64, 0x00, 0x00, 0x76, 0x66, 0x6d,
    0x66, 0x66, 0x65, 0x00, 0x00, 0x03, 0x87, 0x7d, 0x77, 0x7d, 0x30, 0x00,
    0x00, 0x03, 0xb0, 0x00, 0x00, 0x0d, 0x00, 0x00, 0x00, 0x03, 0xd7, 0x77,
    0x77, 0x7e, 0x00, 0x00, 0x00, 0x03, 0xc1, 0x11, 0x11, 0x1d, 0x00, 0x00,
    0x00, 0x03, 0xd6, 0x66, 0x66, 0x6e, 0x00, 0x00, 0x00, 0x03, 0xc5, 0x55,
    0x55, 0x5e, 0x00, 0x00, 0x00, 0x03, 0xc2, 0x22, 0x22, 0x2d, 0x00, 0x10,
    0x28, 0x78, 0xc7, 0x77, 0x77, 0x7d, 0x7a, 0xc1, 0x01, 0x00, 0x00, 0x00,
    0x00, 0x00, 0x00, 0x00, 0x00, 0x00, 0x00, 0x00, 0x00, 0x00, 0x00, 0x00,
    0x00, 0x00, 0x00, 0x10, 0x60, 0x00, 0xa6, 0x00, 0x17, 0x86, 0x68, 0xa6,
    0x59, 0x01, 0xd1, 0x00, 0x00, 0xc0, 0x0c, 0x00, 0x1e, 0x05, 0x50, 0x00,
    0x00, 0xc0, 0x0c, 0x00, 0x03, 0x07, 0x08, 0x20, 0x00, 0xd6, 0x6d, 0x07,
    0x66, 0xe6, 0x66, 0x40, 0x00, 0xc0, 0x0c, 0x00, 0x00, 0xd0, 0x00, 0x00,
    0x00, 0xc0, 0x0c, 0x00, 0x00, 0xd0, 0x00, 0x10, 0x00, 0xd6, 0x6d, 0x46,
    0x66, 0xe6, 0x68, 0xc1, 0x00, 0xc0, 0x0c, 0x11, 0x00, 0xd5, 0x00, 0x00,
    0x00, 0xc0, 0x0c, 0x12, 0x02, 0xb7, 0x00, 0x00, 0x00, 0xc4, 0x7d, 0x40,
    0x07, 0x66, 0x50, 0x00, 0x1c, 0xd6, 0x1c, 0x00, 0x1c, 0x01, 0xc2, 0x00,
    0x04, 0x00, 0x0c, 0x00, 0xa2, 0x00, 0x5d, 0x20, 0x00, 0x00, 0x0d, 0x28,
    0x30, 0x00, 0x09, 0xc2, 0x00, 0x00, 0x03, 0x20, 0x00, 0x00, 0x00, 0x00,
    0x00, 0x00, 0x00, 0x00, 0x00, 0x00, 0x00, 0x00, 0x00, 0xc3, 0x00, 0x07,
    0x20, 0x00, 0x00, 0x00, 0x78, 0x01, 0x00, 0xc2, 0x04, 0x20, 0x00, 0x47,
    0x00, 0x83, 0x0b, 0x15, 0xc5, 0x00, 0x5a, 0x45, 0x56, 0xe1, 0xb7, 0x40,
    0x11, 0x04, 0x84, 0x21, 0x08, 0x1b, 0x10, 0x02, 0x40, 0x07, 0x44, 0x48,
    0x30, 0xb7, 0x44, 0x8b, 0x00, 0xe2, 0x22, 0xb3, 0x02, 0x67, 0x76, 0x20,
    0x0d, 0x55, 0x5c, 0x20, 0x71, 0x00, 0x10, 0x00, 0xd1, 0x11, 0xb2, 0x0d,
    0x10, 0x9b, 0x00, 0x0d, 0x22, 0x2b, 0x20, 0xc1, 0x97, 0x00, 0x00, 0xd4,
    0x44, 0xc2, 0x0d, 0x61, 0x00, 0x10, 0x0d, 0x00, 0x0a, 0x20, 0xc0, 0x00,
    0x06, 0x00, 0xd0, 0x00, 0xb2, 0x0d, 0x00, 0x01, 0xa0, 0x0e, 0x04, 0xbe,
    0x10, 0xac, 0xbb, 0xdb, 0x10, 0x30, 0x02, 0x20, 0x00, 0x00, 0x00, 0x00,
    0x00, 0x00, 0x00, 0x00, 0x00, 0x00, 0x00, 0x1d, 0x30, 0x00, 0x00, 0x00,
    0x05, 0x90, 0x00, 0x00, 0x05, 0x11, 0x91, 0x11, 0x12, 0x80, 0xb7, 0x55,
    0x55, 0x55, 0x7c, 0x1b, 0x40, 0x00, 0x00, 0x04, 0xa0, 0xa4, 0x00, 0x00,
    0x00, 0x4a, 0x0a, 0x86, 0x66, 0x66, 0x68, 0xa0, 0xa4, 0x00, 0x00, 0x00,
    0x4a, 0x0a, 0x40, 0x00, 0x00, 0x04, 0xa0, 0xa8, 0x66, 0x66, 0x66, 0x8a,
    0x0a, 0x40, 0x00, 0x00, 0x04, 0xa0, 0xb4, 0x00, 0x00, 0x00, 0x4a, 0x0b,
    0x52, 0x22, 0x22, 0x25, 0xa0, 0xb7, 0x44, 0x44, 0x44, 0x7b, 0x05, 0x10,
    0x00, 0x00, 0x02, 0x40, 0x00, 0x00, 0x00, 0x00, 0x00, 0x00, 0x00, 0x00,
    0x00, 0x00, 0x0d, 0x20, 0x06, 0x80, 0x00, 0x00, 0x01, 0x11, 0x1d, 0x11,
    0x16, 0x71, 0x2b, 0x40, 0x05, 0x65, 0x5d, 0x55, 0x59, 0x95, 0x55, 0x40,
    0x00, 0x00, 0x06, 0x00, 0x46, 0x20, 0x00, 0x00, 0x00, 0x34, 0x0c, 0x30,
    0x99, 0x00, 0x73, 0x00, 0x00, 0x59, 0x0d, 0x10, 0xd6, 0x66, 0x76, 0x00,
    0x00, 0x58, 0x0c, 0x15, 0x63, 0x84, 0x00, 0x00, 0x00, 0x58, 0x0d, 0x17,
    0x00, 0x1c, 0x60, 0x00, 0x00, 0x33, 0x0a, 0x21, 0x00, 0x02, 0x50, 0x00,
    0x00, 0x09, 0x76, 0x86, 0x77, 0x6b, 0x70, 0x00, 0x00, 0x0a, 0x40, 0xd0,
    0x58, 0x08, 0x50, 0x00, 0x00, 0x0a, 0x40, 0xd0, 0x58, 0x08, 0x50, 0x00,
    0x00, 0x09, 0x40, 0xd0, 0x58, 0x08, 0x52, 0x30, 0x17, 0x69, 0x76, 0xa6,
    0x78, 0x68, 0x79, 0x90, 0x00, 0x00, 0x83, 0x00, 0x00, 0x00, 0x00, 0x00,
    0x00, 0x03, 0xc2, 0x04, 0x66, 0x66, 0x8c, 0x10, 0x00, 0x1a, 0x20, 0x01,
    0x10, 0x00, 0x00, 0x00, 0x00, 0x82, 0x18, 0x00, 0x00, 0x00, 0x00, 0x00,
    0x03, 0x10, 0x7a, 0x10, 0x00, 0x00, 0x01, 0x20, 0x00, 0x02, 0xd1, 0x67,
    0x66, 0x87, 0x69, 0x90, 0x00, 0x0c, 0xb0, 0x00, 0x00, 0x85, 0x00, 0x00,
    0x00, 0x87, 0xb0, 0x00, 0x00, 0x85, 0x00, 0x00, 0x06, 0x33, 0xa0, 0x00,
    0x00, 0x85, 0x00, 0x00, 0x01, 0x03, 0xa0, 0x00, 0x00, 0x85, 0x00, 0x00,
    0x00, 0x03, 0xa0, 0x00, 0x00, 0x85, 0x00, 0x00, 0x00, 0x03, 0xa0, 0x00,
    0x00, 0x85, 0x00, 0x00, 0x00, 0x03, 0xa0, 0x01, 0x32, 0xb4, 0x00, 0x00,
    0x00, 0x03, 0xa0, 0x01, 0x5d, 0xe2, 0x00, 0x00, 0x00, 0x02, 0x20, 0x00,
    0x02, 0x20, 0x00, 0x00, 0x00, 0x00, 0x00, 0x00, 0x00, 0x00, 0x00, 0x00,
    0x00, 0x00, 0x00, 0x0a, 0x40, 0x00, 0x00, 0x00, 0x00, 0x00, 0x00, 0x0b,
    0x30, 0x00, 0x35, 0x00, 0x00, 0x76, 0x66, 0x6c, 0x76, 0x66, 0x77, 0x10,
    0x00, 0x00, 0x00, 0x0a, 0x30, 0x01, 0x40, 0x00, 0x00, 0x07, 0x66, 0x6c,
    0x76, 0x67, 0x81, 0x00, 0x00, 0x00, 0x00, 0x0a, 0x30, 0x00, 0x04, 0x10,
    0x07, 0x66, 0x66, 0x6d, 0x76, 0x66, 0x6b, 0x80, 0x00, 0x00, 0x00, 0xa8,
    0x60, 0x02, 0xa0, 0x00, 0x00, 0x00, 0x08, 0x90, 0x81, 0x1b, 0x51, 0x00,
    0x00, 0x00, 0x9c, 0x00, 0x29, 0x71, 0x00, 0x00, 0x00, 0x3a, 0x6b, 0x00,
    0x08, 0x60, 0x00, 0x00, 0x26, 0x50, 0x3b, 0x00, 0x20, 0xa9, 0x10, 0x00,
    0x00, 0x00, 0x3b, 0x48, 0x50, 0x07, 0xea, 0x71, 0x00, 0x00, 0x5f, 0x91,
    0x00, 0x00, 0x29, 0x40, 0x00, 0x00, 0x04, 0x00, 0x00, 0x00, 0x00, 0x00,
    0x00, 0x06, 0x60, 0x00, 0x00, 0x00, 0x02, 0x10, 0x00, 0x0c, 0x30, 0x00,
    0x66, 0xd6, 0x6b, 0x60, 0x00, 0x3c, 0x6a, 0x90, 0x03, 0xb0, 0x09, 0x30,
    0x00, 0xa2, 0x0a, 0x10, 0x09, 0x50, 0x0a, 0x20, 0x04, 0xd6, 0x87, 0x95,
    0x48, 0x04, 0x9c, 0x00, 0x15, 0xb0, 0xb0, 0x85, 0x43, 0x0a, 0x42, 0x00,
    0x00, 0xc1, 0xc1, 0x93, 0x0d, 0x2d, 0x00, 0x00, 0x00, 0xc5, 0xc5, 0xb3,
    0x4b, 0x6d, 0x6b, 0x40, 0x00, 0xb0, 0xb0, 0x83, 0x91, 0x0c, 0x00, 0x00,
    0x00, 0xd6, 0xd6, 0xb5, 0x20, 0x0c, 0x00, 0x40, 0x00, 0xb0, 0xb0, 0x86,
    0x76, 0x6d, 0x66, 0x81, 0x03, 0x80, 0xb0, 0x83, 0x00, 0x0c, 0x00, 0x00,
    0x07, 0x20, 0xc1, 0x83, 0x00, 0x0d, 0x00, 0x00, 0x17, 0x00, 0x55, 0xc2,
    0x00, 0x0d, 0x00, 0x00, 0x20, 0x00, 0x00, 0x50, 0x00, 0x05, 0x00, 0x00,
    0x00, 0x02, 0x00, 0x00, 0x06, 0x10, 0x00, 0x00, 0x00, 0x0a, 0x40, 0x00,
    0x0c, 0x60, 0x00, 0x00, 0x00, 0x05, 0xe0, 0x00, 0x0c, 0x40, 0x00, 0x00,
    0x00, 0x00, 0x80, 0x00, 0x0c, 0x50, 0x00, 0x00, 0x00, 0x00, 0x00, 0x00,
    0x0d, 0x60, 0x00, 0x00, 0x13, 0x38, 0x30, 0x00, 0x0e, 0x50, 0x00, 0x00,
    0x05, 0x3b, 0x40, 0x00, 0x1d, 0x60, 0x00, 0x00, 0x00, 0x0a, 0x30, 0x00,
    0x4a, 0x70, 0x00, 0x00, 0x00, 0x0a, 0x30, 0x01, 0x77, 0x44, 0x00, 0x00,
    0x00, 0x0a, 0x31, 0x70, 0xc2, 0x0a, 0x00, 0x00, 0x00, 0x0a, 0x4a, 0x15,
    0xa0, 0x09, 0x30, 0x00, 0x00, 0x0b, 0xd3, 0x1b, 0x10, 0x02, 0xd1, 0x00,
    0x00, 0x0b, 0x61, 0x92, 0x00, 0x00, 0x8d, 0x30, 0x00, 0x01, 0x37, 0x10,
    0x00, 0x00, 0x0b, 0x81, 0x00, 0x01, 0x20, 0x00, 0x00, 0x00, 0x00, 0x00,
    0x00, 0x34, 0x00, 0x04, 0x32, 0x27, 0x20, 0x00, 0x00, 0x0c, 0x40, 0x08,
    0x84, 0x4d, 0x40, 0x00, 0x00, 0x07, 0x50, 0x08, 0x50, 0x0c, 0x20, 0x00,
    0x00, 0x00, 0x00, 0x0a, 0x30, 0x0c, 0x20, 0x00, 0x00, 0x02, 0x10, 0x1c,
    0x00, 0x0c, 0x87, 0x70, 0x07, 0x6b, 0x90, 0x93, 0x00, 0x02, 0x66, 0x50,
    0x00, 0x08, 0x57, 0x56, 0x66, 0x66, 0xd3, 0x00, 0x00, 0x08, 0x50, 0x01,
    0x40, 0x04, 0xc0, 0x00, 0x00, 0x08, 0x50, 0x00, 0x70, 0x0a, 0x50, 0x00,
    0x00, 0x08, 0x50, 0x40, 0x63, 0x3d, 0x00, 0x00, 0x00, 0x08, 0x58, 0x10,
    0x0a, 0xc4, 0x00, 0x00, 0x00, 0x09, 0xe3, 0x00, 0x1c, 0xd2, 0x00, 0x00,
    0x00, 0x08, 0x70, 0x03, 0xb5, 0x3d, 0x94, 0x10, 0x00, 0x00, 0x04, 0x87,
    0x10, 0x01, 0x8e, 0x81, 0x00, 0x00, 0x43, 0x00, 0x00, 0x00, 0x01, 0x00,
    0x00, 0x00, 0x00, 0x00, 0x00, 0x84, 0x40, 0x00, 0x00, 0x82, 0x00, 0x00,
    0x00, 0xa5, 0x4c, 0x10, 0x00, 0x4d, 0x10, 0x00, 0x00, 0x94, 0x0a, 0x10,
    0x00, 0x0c, 0x12, 0x33, 0x33, 0xa6, 0x35, 0xb0, 0x00, 0x00, 0x03, 0x43,
    0x33, 0x98, 0x33, 0x31, 0x00, 0x04, 0x00, 0x00, 0x00, 0x67, 0x00, 0x00,
    0x17, 0x6e, 0x31, 0x33, 0x3a, 0x69, 0x00, 0x00, 0x00, 0x0d, 0x01, 0x47,
    0xa3, 0x4b, 0x00, 0x00, 0x00, 0x0d, 0x00, 0x05, 0x80, 0x0d, 0x00, 0x00,
    0x00, 0x0d, 0x00, 0x05, 0x80, 0x0a, 0x40, 0x00, 0x00, 0x0d, 0x06, 0x25,
    0x80, 0x25, 0xa0, 0x30, 0x00, 0x0d, 0x56, 0x07, 0xc7, 0x30, 0xd3, 0x60,
    0x00, 0x0e, 0xb4, 0xd8, 0x20, 0x00, 0x4e, 0xb0, 0x00, 0x09, 0x30, 0x20,
    0x00, 0x00, 0x06, 0xf1, 0x00, 0x00, 0x00, 0x00, 0x00, 0x00, 0x00, 0x31,
    0x00, 0x20, 0x00, 0x12, 0x00, 0x00, 0x41, 0x00, 0x00, 0x2b, 0x10, 0x1d,
    0x66, 0x66, 0xc5, 0x00, 0x00, 0x0b, 0x50, 0x1b, 0x00, 0x00, 0x93, 0x00,
    0x00, 0x03, 0x10, 0x1b, 0x00, 0x00, 0x93, 0x00, 0x00, 0x00, 0x00, 0x2d,
    0x66, 0x66, 0xb3, 0x00, 0x05, 0x59, 0x30, 0x01, 0x00, 0x00, 0x05, 0x00,
    0x02, 0x1c, 0x20, 0x66, 0x69, 0x86, 0x68, 0x20, 0x00, 0x0b, 0x10, 0x00,
    0x09, 0x40, 0x00, 0x00, 0x00, 0x0b, 0x13, 0x33, 0x3b, 0x53, 0x38, 0x70,
    0x00, 0x0b, 0x14, 0x53, 0x3d, 0x73, 0x33, 0x30, 0x00, 0x0b, 0x28, 0x00,
    0x49, 0x26, 0x00, 0x00, 0x00, 0x0c, 0xc2, 0x00, 0xb2, 0x09, 0x30, 0x00,
    0x00, 0x0c, 0x50, 0x0a, 0x40, 0x01, 0xc6, 0x00, 0x00, 0x01, 0x03, 0x82,
    0x00, 0x00, 0x2d, 0xa1, 0x00, 0x00, 0x13, 0x00, 0x00, 0x00, 0x01, 0x00,
    0x00, 0x00, 0x00, 0x00, 0x00, 0x00, 0x00, 0x00, 0x00, 0x40, 0x00, 0x00,
    0x08, 0x70, 0x00, 0x00, 0x00, 0x6a, 0x00, 0x00, 0x08, 0x60, 0x07, 0x20,
    0x00, 0x1e, 0x03, 0x76, 0x6a, 0x96, 0x66, 0x40, 0x00, 0x02, 0x00, 0x25,
    0x5a, 0x95, 0x97, 0x00, 0x00, 0x02, 0x00, 0x12, 0x18, 0x61, 0x11, 0x00,
    0x27, 0x7e, 0x15, 0x66, 0x6a, 0x96, 0x69, 0xc0, 0x00, 0x2b, 0x01, 0x10,
    0x00, 0x00, 0x10, 0x00, 0x00, 0x2b, 0x00, 0x3b, 0x66, 0x66, 0xb6, 0x00,
    0x00, 0x2b, 0x00, 0x2b, 0x22, 0x22, 0x94, 0x00, 0x00, 0x2b, 0x02, 0x3c,
    0x44, 0x44, 0xa4, 0x00, 0x00, 0x2b, 0x36, 0x2c, 0x55, 0x55, 0xb4, 0x00,
    0x00, 0x2e, 0xa0, 0x2b, 0x11, 0x11, 0x94, 0x00, 0x00, 0x3e, 0x20, 0x2a,
    0x00, 0x00, 0x94, 0x00, 0x00, 0x02, 0x00, 0x2a, 0x00, 0x4b, 0xe2, 0x00,
    0x00, 0x00, 0x00, 0x13, 0x00, 0x01, 0x30, 0x00, 0x00, 0x00, 0x00, 0x00,
    0x01, 0x00, 0x00, 0x00, 0x00, 0x00, 0x00, 0x10, 0x0a, 0x80, 0x00, 0x00,
    0x07, 0x86, 0x66, 0xe1, 0x0d, 0x20, 0x00, 0x00, 0x07, 0x71, 0x12, 0xa0,
    0x2b, 0x00, 0x00, 0x00, 0x07, 0x73, 0xc2, 0xa0, 0x6a, 0x66, 0x68, 0xb0,
    0x07, 0x73, 0x92, 0xa0, 0xb5, 0x00, 0xc1, 0x00, 0x07, 0x74, 0x92, 0xa3,
    0x66, 0x00, 0xd0, 0x00, 0x07, 0x74, 0x82, 0xa7, 0x07, 0x02, 0xb0, 0x00,
    0x07, 0x76, 0x72, 0xb1, 0x08, 0x16, 0x70, 0x00, 0x07, 0x77, 0x52, 0xb0,
    0x04, 0x6b, 0x20, 0x00, 0x07, 0x6b, 0x43, 0x30, 0x00, 0xcb, 0x00, 0x00,
    0x01, 0x1c, 0x0a, 0x50, 0x00, 0xb7, 0x00, 0x00, 0x00, 0x65, 0x01, 0xe2,
    0x06, 0x8c, 0x40, 0x00, 0x02, 0x90, 0x00, 0x51, 0x68, 0x02, 0xe6, 0x00,
    0x17, 0x00, 0x00, 0x18, 0x40, 0x00, 0x3d, 0xb1, 0x10, 0x00, 0x01, 0x40,
    0x00, 0x00, 0x01, 0x00, 0x00, 0x00, 0x00, 0x00, 0x00, 0x00, 0x00, 0x00,
    0x00, 0x00, 0xc2, 0x00, 0x00, 0x00, 0x00, 0x00, 0x00, 0x00, 0xd0, 0x00,
    0x77, 0x86, 0x69, 0x80, 0x02, 0x33, 0xd3, 0x92, 0x03, 0xc0, 0x08, 0x50,
    0x02, 0x43, 0xd3, 0x32, 0x06, 0x90, 0x09, 0x40, 0x00, 0x00, 0xc0, 0x00,
    0x0b, 0x30, 0x0b, 0x20, 0x03, 0x33, 0xd3, 0x94, 0x58, 0x03, 0xbd, 0x00,
    0x04, 0x33, 0xd3, 0x36, 0x70, 0x00, 0x32, 0x00, 0x00, 0x71, 0xc0, 0x01,
    0x68, 0x66, 0x6c, 0x30, 0x00, 0xe1, 0xc2, 0x55, 0x68, 0x00, 0x0c, 0x00,
    0x01, 0xc0, 0xc4, 0x43, 0x68, 0x00, 0x0c, 0x00, 0x03, 0xb0, 0xc0, 0x00,
    0x68, 0x00, 0x0c, 0x00, 0x06, 0x67, 0xd0, 0x00, 0x6a, 0x66, 0x6e, 0x00,
    0x09, 0x01, 0xb7, 0x20, 0x43, 0x00, 0x02, 0x00, 0x16, 0x00, 0x04, 0x9c,
    0xcb, 0xba, 0xaa, 0x91, 0x20, 0x00, 0x00, 0x00, 0x02, 0x34, 0x55, 0x20,
    0x00, 0x00, 0x63, 0x33, 0x33, 0x38, 0x40, 0x00, 0x00, 0x00, 0xd3, 0x33,
    0x33, 0x3a, 0x40, 0x00, 0x00, 0x00, 0xc0, 0x00, 0x00, 0x09, 0x30, 0x00,
    0x00, 0x00, 0xc0, 0x00, 0x00, 0x09, 0x30, 0x00, 0x00, 0x00, 0xc0, 0x00,
    0x00, 0x09, 0x30, 0x00, 0x00, 0x00, 0xd6, 0x68, 0x96, 0x6c, 0x30, 0x00,
    0x00, 0x00, 0x10, 0x06, 0x80, 0x02, 0x00, 0x00, 0x00, 0x02, 0x30, 0x06,
    0x80, 0x00, 0x20, 0x00, 0x00, 0x06, 0xd1, 0x06, 0xa6, 0x66, 0xd6, 0x00,
    0x00, 0x0a, 0x60, 0x06, 0x80, 0x00, 0x00, 0x00, 0x00, 0x1d, 0x81, 0x06,
    0x80, 0x00, 0x00, 0x00, 0x00, 0x77, 0x1a, 0x36, 0x80, 0x00, 0x00, 0x00,
    0x01, 0xa0, 0x01, 0xad, 0xa4, 0x32, 0x23, 0x31, 0x07, 0x10, 0x00, 0x03,
    0x8b, 0xde, 0xff, 0x60, 0x01, 0x00, 0x00, 0x00, 0x00, 0x00, 0x01, 0x00,
    0x00, 0x06, 0x80, 0x00, 0x01, 0xc1, 0x00, 0x00, 0x00, 0x0a, 0x50, 0x00,
    0x06, 0xd1, 0x00, 0x00, 0x12, 0x2d, 0x23, 0xa1, 0x0c, 0x37, 0x00, 0x00,
    0x06, 0x8a, 0x44, 0x42, 0x58, 0x06, 0x50, 0x00, 0x00, 0xa4, 0xa2, 0x01,
    0xa0, 0x00, 0xb7, 0x00, 0x01, 0xd0, 0xd0, 0x07, 0x20, 0x00, 0x1c, 0xc1,
    0x07, 0xa4, 0xd7, 0xa1, 0xa6, 0x00, 0x21, 0x10, 0x03, 0x32, 0xd2, 0x20,
    0xa3, 0x03, 0xe4, 0x00, 0x00, 0x00, 0xc0, 0x22, 0xa3, 0x4a, 0x20, 0x00,
    0x00, 0x03, 0xe7, 0x40, 0x98, 0x50, 0x00, 0x00, 0x2a, 0xd7, 0xd0, 0x00,
    0x93, 0x00, 0x02, 0x00, 0x07, 0x10, 0xd0, 0x00, 0x93, 0x00, 0x06, 0x00,
    0x00, 0x00, 0xd0, 0x00, 0x94, 0x00, 0x0b, 0x00, 0x00, 0x00, 0xe0, 0x00,
    0x5d, 0xbb, 0xcc, 0x20, 0x00, 0x00, 0x40, 0x00, 0x00, 0x00, 0x00, 0x00,
    0x00, 0x00, 0x58, 0x00, 0x0a, 0x20, 0x00, 0x00, 0x00, 0x00, 0x58, 0x04,
    0x0c, 0x06, 0x81, 0x00, 0x00, 0x76, 0x9a, 0x68, 0x2c, 0x00, 0xa6, 0x00,
    0x00, 0x00, 0x58, 0x00, 0x0c, 0x10, 0x14, 0x30, 0x17, 0x66, 0x77, 0x66,
    0x6c, 0x76, 0x68, 0x80, 0x00, 0x01, 0xd1, 0x01, 0x09, 0x40, 0x25, 0x00,
    0x06, 0x69, 0xa6, 0x6c, 0x37, 0x60, 0x7b, 0x00, 0x00, 0x1c, 0x27, 0x00,
    0x05, 0x80, 0xd2, 0x00, 0x00, 0x94, 0x1c, 0x05, 0x02, 0xc6, 0x90, 0x00,
    0x01, 0x96, 0x6d, 0x67, 0x30, 0xcc, 0x10, 0x00, 0x00, 0x00, 0x1b, 0x13,
    0x20, 0xb9, 0x00, 0x30, 0x04, 0x79, 0x9d, 0x62, 0x08, 0x7c, 0x40, 0x60,
    0x04, 0x61, 0x1b, 0x00, 0x67, 0x02, 0xd5, 0x90, 0x00, 0x00, 0x1c, 0x07,
    0x40, 0x00, 0x2c, 0xe0, 0x00, 0x00, 0x12, 0x21, 0x00, 0x00, 0x00, 0x61,
    0x00, 0x00, 0x00, 0x00, 0x01, 0x00, 0x00, 0x00, 0x00, 0x0b, 0x20, 0x00,
    0x08, 0x90, 0x00, 0x00, 0x00, 0x3c, 0x00, 0x00, 0x1d, 0x71, 0x00, 0x00,
    0x14, 0x89, 0x49, 0x30, 0xa5, 0x19, 0x10, 0x00, 0x04, 0xc3, 0x22, 0x16,
    0x70, 0x04, 0xb3, 0x00, 0x02, 0xa4, 0x50, 0x57, 0x35, 0x6a, 0x6d, 0xb2,
    0x08, 0x55, 0x84, 0x40, 0x01, 0x00, 0x01, 0x20, 0x2e, 0x58, 0xa9, 0x78,
    0x6d, 0x24, 0x0a, 0x40, 0x04, 0x15, 0x81, 0x75, 0x0b, 0x0b, 0x29, 0x20,
    0x00, 0x05, 0x80, 0x79, 0x6d, 0x0a, 0x19, 0x20, 0x00, 0x05, 0xa5, 0x85,
    0x0b, 0x0a, 0x19, 0x20, 0x2b, 0xaa, 0x80, 0x79, 0x6d, 0x0a, 0x19, 0x20,
    0x02, 0x05, 0x80, 0x75, 0x0b, 0x0a, 0x19, 0x20, 0x00, 0x05, 0x80, 0x75,
    0x0b, 0x00, 0x0a, 0x20, 0x00, 0x05, 0x80, 0x75, 0x7d, 0x03, 0x9e, 0x10,
    0x00, 0x03, 0x30, 0x41, 0x15, 0x00, 0x14, 0x00, 0x00, 0x00, 0x00, 0x00,
    0x00, 0x00, 0x00, 0x00, 0x00, 0x30, 0x00, 0x00, 0x00, 0x1d, 0x20, 0x00,
    0x00, 0x79, 0x00, 0x00, 0x00, 0x0d, 0x00, 0x00, 0x00, 0x0e, 0x20, 0x00,
    0x00, 0x0d, 0x00, 0x10, 0x00, 0x03, 0x06, 0x66, 0x66, 0x6e, 0x6a, 0xa0,
    0x00, 0x00, 0x01, 0x10, 0x00, 0x0d, 0x00, 0x00, 0x14, 0x49, 0x30, 0x55,
    0x00, 0x0d, 0x00, 0x00, 0x04, 0x2c, 0x30, 0x0c, 0x50, 0x0d, 0x00, 0x00,
    0x00, 0x0b, 0x20, 0x05, 0x90, 0x0d, 0x00, 0x00, 0x00, 0x0b, 0x20, 0x00,
    0x10, 0x0d, 0x00, 0x00, 0x00, 0x0b, 0x20, 0x00, 0x00, 0x0d, 0x00, 0x00,
    0x00, 0x0b, 0x20, 0x00, 0x23, 0x3d, 0x00, 0x00, 0x00, 0x3a, 0x70, 0x00,
    0x04, 0xda, 0x00, 0x00, 0x07, 0xa0, 0x2a, 0x64, 0x21, 0x32, 0x23, 0x42,
    0x09, 0x10, 0x00, 0x48, 0xac, 0xcd, 0xde, 0x60, 0x00, 0x51, 0x00, 0x00,
    0x00, 0x00, 0x02, 0x00, 0x00, 0x3c, 0x05, 0x76, 0x67, 0x66, 0x6b, 0x40,
    0x00, 0x0b, 0x10, 0x00, 0x09, 0x80, 0x00, 0x00, 0x00, 0x00, 0x00, 0x00,
    0x2c, 0x00, 0x00, 0x00, 0x00, 0x01, 0x00, 0x00, 0xa8, 0x00, 0x00, 0x00,
    0x18, 0x6d, 0x40, 0x04, 0xac, 0x11, 0x00, 0x00, 0x00, 0x0c, 0x00, 0x1a,
    0x2b, 0x06, 0x70, 0x00, 0x00, 0x0c, 0x00, 0x92, 0x1b, 0x00, 0x6c, 0x10,
    0x00, 0x0c, 0x07, 0x20, 0x1b, 0x00, 0x0a, 0x90, 0x00, 0x0c, 0x31, 0x00,
    0x1b, 0x00, 0x01, 0x30, 0x00, 0x0d, 0x00, 0x00, 0x1c, 0x00, 0x00, 0x00,
    0x01, 0xa4, 0x82, 0x00, 0x2b, 0x00, 0x00, 0x00, 0x1d, 0x30, 0x08, 0xa8,
    0x77, 0x77, 0x79, 0x81, 0x02, 0x00, 0x00, 0x14, 0x67, 0x88, 0x88, 0x10,
    0x00, 0x71, 0x00, 0x00, 0x54, 0x00, 0x00, 0x00, 0x00, 0x5d, 0x00, 0x00,
    0x0d, 0x30, 0x00, 0x00, 0x00, 0x0c, 0x10, 0x00, 0x06, 0x10, 0x05, 0x10,
    0x00, 0x00, 0x03, 0x76, 0x66, 0x69, 0x7a, 0x70, 0x00, 0x02, 0x00, 0x00,
    0x00, 0x0e, 0x00, 0x00, 0x17, 0x6c, 0x60, 0x24, 0x00, 0x4a, 0x00, 0x00,
    0x00, 0x0a, 0x20, 0x03, 0x81, 0xb4, 0x00, 0x00, 0x00, 0x0a, 0x20, 0x00,
    0x2b, 0xc0, 0x00, 0x00, 0x00, 0x0a, 0x20, 0x00, 0x2c, 0xc7, 0x00, 0x00,
    0x00, 0x0a, 0x20, 0x02, 0xb2, 0x1c, 0xa0, 0x00, 0x00, 0x0b, 0x20, 0x49,
    0x10, 0x01, 0xd5, 0x00, 0x03, 0x97, 0x94, 0x40, 0x00, 0x00, 0x44, 0x00,
    0x1d, 0x30, 0x1a, 0x95, 0x43, 0x33, 0x34, 0x51, 0x00, 0x00, 0x00, 0x38,
    0xac, 0xde, 0xee, 0x40, 0x00, 0x20, 0x00, 0x04, 0x70, 0x09, 0x20, 0x00,
    0x00, 0x4a, 0x00, 0x04, 0x90, 0x0d, 0x00, 0x00, 0x00, 0x0c, 0x50, 0x04,
    0x80, 0x0d, 0x01, 0x00, 0x00, 0x03, 0x15, 0x78, 0xb6, 0x6d, 0x6c, 0x40,
    0x00, 0x00, 0x00, 0x04, 0x80, 0x0c, 0x00, 0x00, 0x25, 0x5b, 0x30, 0x04,
    0x80, 0x0c, 0x00, 0x00, 0x03, 0x1d, 0x10, 0x04, 0x80, 0x0c, 0x01, 0x10,
    0x00, 0x0c, 0x17, 0x68, 0xb6, 0x6d, 0x68, 0x90, 0x00, 0x0c, 0x00, 0x06,
    0x60, 0x0c, 0x00, 0x00, 0x00, 0x0c, 0x00, 0x0a, 0x20, 0x0c, 0x00, 0x00,
    0x00, 0x0c, 0x00, 0x47, 0x00, 0x0d, 0x00, 0x00, 0x00, 0x4b, 0x33, 0x60,
    0x00, 0x0d, 0x00, 0x00, 0x07, 0x80, 0x5a, 0x30, 0x00, 0x06, 0x00, 0x11,
    0x1a, 0x00, 0x02, 0x9d, 0xed, 0xdd, 0xef, 0x81, 0x00, 0x00, 0x00, 0x00,
    0x01, 0x12, 0x22, 0x00, 0x00, 0x00, 0x00, 0x00, 0x00, 0x00, 0x00, 0x00,
    0x01, 0x30, 0x00, 0x00, 0x3d, 0x10, 0x00, 0x00, 0x00, 0x95, 0x00, 0x00,
    0x97, 0x00, 0x02, 0x00, 0x00, 0x3d, 0x07, 0x66, 0xe7, 0x66, 0x7d, 0x40,
    0x00, 0x02, 0x00, 0x06, 0x80, 0x00, 0x00, 0x00, 0x00, 0x01, 0x00, 0x0c,
    0x18, 0x80, 0x00, 0x00, 0x17, 0x6d, 0x40, 0x87, 0x08, 0x50, 0x31, 0x00,
    0x00, 0x0c, 0x12, 0xe6, 0x6a, 0x96, 0xa6, 0x00, 0x00, 0x0c, 0x10, 0x10,
    0x08, 0x50, 0x00, 0x00, 0x00, 0x0c, 0x10, 0x00, 0x08, 0x50, 0x05, 0x50,
    0x00, 0x0c, 0x17, 0x66, 0x6a, 0x96, 0x66, 0x60, 0x00, 0x0c, 0x10, 0x00,
    0x08, 0x50, 0x00, 0x00, 0x01, 0x98, 0x81, 0x00, 0x08, 0x50, 0x00, 0x00,
    0x0d, 0x60, 0x2a, 0x85, 0x37, 0x42, 0x23, 0x52, 0x02, 0x00, 0x00, 0x49,
    0xbd, 0xde, 0xee, 0x50, 0x00, 0x10, 0x00, 0x00, 0x0a, 0x40, 0x00, 0x00,
    0x00, 0x56, 0x00, 0x1a, 0x0b, 0x10, 0x00, 0x00, 0x00, 0x0e, 0x20, 0x58,
    0x0b, 0x10, 0x40, 0x00, 0x00, 0x06, 0x00, 0x97, 0x6d, 0x66, 0x93, 0x00,
    0x00, 0x00, 0x01, 0x70, 0x0b, 0x10, 0x00, 0x00, 0x14, 0x49, 0x23, 0x00,
    0x0b, 0x10, 0x05, 0x00, 0x03, 0x2d, 0x17, 0x66, 0xb8, 0xa6, 0x68, 0x30,
    0x00, 0x0c, 0x00, 0x03, 0xa0, 0xa2, 0x00, 0x00, 0x00, 0x0c, 0x00, 0x06,
    0x70, 0xa2, 0x00, 0x00, 0x00, 0x0c, 0x00, 0x0b, 0x10, 0xa2, 0x03, 0x20,
    0x00, 0x0c, 0x00, 0x66, 0x00, 0xa2, 0x05, 0x40, 0x01, 0x8b, 0x45, 0x50,
    0x00, 0x6c, 0xac, 0x70, 0x2d, 0x50, 0x68, 0x20, 0x00, 0x00, 0x00, 0x11,
    0x04, 0x00, 0x02, 0x9c, 0xdd, 0xdd, 0xdf, 0x81, 0x00, 0x00, 0x00, 0x00,
    0x01, 0x12, 0x23, 0x00, 0x00, 0x00, 0x73, 0x00, 0x00, 0x00, 0x00, 0x00,
    0x00, 0x00, 0x2e, 0x00, 0x00, 0x95, 0x55, 0x80, 0x02, 0x76, 0x6b, 0x67,
    0xb0, 0xd1, 0x17, 0x90, 0x00, 0x22, 0x00, 0x26, 0x00, 0xc0, 0x0a, 0x10,
    0x00, 0x0b, 0x20, 0x6a, 0x00, 0xc0, 0x19, 0x00, 0x00, 0x06, 0x70, 0xa1,
    0x00, 0xc0, 0x52, 0x00, 0x06, 0x66, 0x66, 0x96, 0xa7, 0xc0, 0x60, 0x00,
    0x01, 0x00, 0x00, 0x00, 0x00, 0xc0, 0x18, 0x00, 0x00, 0x67, 0x66, 0x6c,
    0x20, 0xc0, 0x07, 0x40, 0x00, 0x76, 0x00, 0x0c, 0x00, 0xc0, 0x03, 0xa0,
    0x00, 0x76, 0x00, 0x0c, 0x00, 0xc0, 0x04, 0xb0, 0x00, 0x76, 0x00, 0x0c,
    0x00, 0xc4, 0xae, 0x60, 0x00, 0x79, 0x66, 0x6d, 0x00, 0xc0, 0x25, 0x00,
    0x00, 0x75, 0x00, 0x09, 0x00, 0xc0, 0x00, 0x00, 0x00, 0x00, 0x00, 0x00,
    0x00, 0x50, 0x00, 0x00, 0x00, 0x00, 0x00, 0x03, 0x00, 0x00, 0x01, 0x00,
    0x18, 0x68, 0x79, 0x6a, 0x47, 0x66, 0x6d, 0x30, 0x00, 0x08, 0x4b, 0x00,
    0x00, 0x00, 0x0b, 0x10, 0x04, 0x5a, 0x7c, 0x59, 0x00, 0x00, 0x0b, 0x10,
    0x06, 0x78, 0x4c, 0x2c, 0x00, 0x00, 0x0b, 0x10, 0x06, 0x79, 0x2b, 0x1b,
    0x06, 0x33, 0x3c, 0x10, 0x06, 0x7a, 0x0b, 0x1b, 0x0d, 0x33, 0x3b, 0x10,
    0x06, 0x87, 0x0c, 0x8b, 0x0d, 0x00, 0x00, 0x00, 0x06, 0xa0, 0x01, 0x4b,
    0x0c, 0x00, 0x00, 0x00, 0x06, 0xa6, 0x66, 0x6b, 0x0c, 0x00, 0x00, 0x00,
    0x06, 0x70, 0x00, 0x1b, 0x0c, 0x00, 0x00, 0x50, 0x06, 0x70, 0x00, 0x1c,
    0x0c, 0x00, 0x00, 0x70, 0x06, 0xa6, 0x66, 0x6c, 0x0d, 0x10, 0x02, 0xd1,
    0x06, 0x70, 0x00, 0x1c, 0x05, 0xaa, 0xaa, 0x80, 0x02, 0x00, 0x00, 0x01,
    0x00, 0x00, 0x00, 0x00, 0x00, 0x02, 0x00, 0x00, 0x00, 0x01, 0x20, 0x00,
    0x00, 0x09, 0x86, 0x69, 0x86, 0x69, 0xb0, 0x00, 0x00, 0x09, 0x40, 0x08,
    0x50, 0x05, 0x80, 0x00, 0x00, 0x09, 0x40, 0x08, 0x50, 0x05, 0x80, 0x00,
    0x00, 0x09, 0x86, 0x6a, 0x96, 0x69, 0x80, 0x00, 0x00, 0x09, 0x40, 0x08,
    0x50, 0x05, 0x80, 0x00, 0x00, 0x09, 0x40, 0x08, 0x50, 0x05, 0x80, 0x00,
    0x00, 0x09, 0x86, 0x6a, 0x96, 0x69, 0x80, 0x00, 0x00, 0x05, 0x10, 0x08,
    0x50, 0x02, 0x20, 0x00, 0x00, 0x00, 0x00, 0x08, 0x50, 0x00, 0x61, 0x00,
    0x00, 0x47, 0x66, 0x6a, 0x96, 0x66, 0x96, 0x00, 0x00, 0x00, 0x00, 0x08,
    0x50, 0x00, 0x00, 0x00, 0x00, 0x00, 0x00, 0x08, 0x50, 0x00, 0x02, 0x20,
    0x07, 0x66, 0x66, 0x69, 0x86, 0x66, 0x6b, 0xb0, 0x00, 0x00, 0x00, 0x00,
    0x00, 0x00, 0x00, 0x00, 0x00, 0x00, 0x00, 0x00, 0x14, 0x7c, 0x30, 0x00,
    0x00, 0x14, 0x55, 0x7b, 0xa6, 0x43, 0x20, 0x00, 0x00, 0x00, 0x00, 0x08,
    0x50, 0x00, 0x17, 0x00, 0x02, 0x86, 0x66, 0x6a, 0x96, 0x66, 0x78, 0x20,
    0x00, 0x03, 0x21, 0x18, 0x51, 0x15, 0x30, 0x00, 0x00, 0x07, 0x95, 0x5a,
    0x85, 0x5b, 0x60, 0x00, 0x00, 0x07, 0x71, 0x18, 0x51, 0x19, 0x40, 0x00,
    0x00, 0x07, 0x95, 0x5a, 0x85, 0x5b, 0x40, 0x00, 0x00, 0x07, 0x70, 0x08,
    0x50, 0x08, 0x40, 0x00, 0x00, 0x07, 0x96, 0x6a, 0x96, 0x6b, 0x30, 0x00,
    0x00, 0x00, 0x00, 0x08, 0x50, 0x01, 0x70, 0x00, 0x00, 0x47, 0x66, 0x6a,
    0x96, 0x66, 0x73, 0x00, 0x00, 0x00, 0x00, 0x08, 0x50, 0x00, 0x04, 0x30,
    0x17, 0x66, 0x66, 0x68, 0x76, 0x66, 0x6a, 0x90, 0x00, 0x04, 0x66, 0x66,
    0x66, 0x6a, 0x40, 0x00, 0x00, 0x06, 0x70, 0x00, 0x00, 0x09, 0x30, 0x00,
    0x00, 0x06, 0xa6, 0x66, 0x66, 0x6c, 0x30, 0x00, 0x00, 0x06, 0xa6, 0x66,
    0x66, 0x6c, 0x30, 0x00, 0x00, 0x05, 0x40, 0x00, 0x00, 0x04, 0x11, 0x50,
    0x17, 0x66, 0x66, 0x66, 0x66, 0x66, 0x67, 0x81, 0x00, 0x06, 0x66, 0x66,
    0x66, 0x68, 0x60, 0x00, 0x00, 0x09, 0x40, 0x07, 0x60, 0x07, 0x60, 0x00,
    0x00, 0x09, 0x86, 0x6a, 0x96, 0x6a, 0x60, 0x00, 0x00, 0x09, 0x41, 0x17,
    0x61, 0x17, 0x60, 0x00, 0x00, 0x08, 0x65, 0x59, 0x95, 0x57, 0x30, 0x00,
    0x00, 0x35, 0x55, 0x59, 0x95, 0x55, 0xc3, 0x00, 0x00, 0x13, 0x11, 0x17,
    0x61, 0x11, 0x11, 0x10, 0x06, 0x66, 0x66, 0x69, 0x96, 0x66, 0x6a, 0xb0,
    0x01, 0x00, 0x00, 0x00, 0x00, 0x00, 0x00, 0x00, 0x00, 0x0a, 0x50, 0x00,
    0x40, 0x00, 0x03, 0x10, 0x01, 0xe1, 0x00, 0x0b, 0x76, 0x66, 0xc7, 0x00,
    0x5c, 0x45, 0xb1, 0xb3, 0x00, 0x09, 0x40, 0x0a, 0x52, 0x22, 0x1b, 0x30,
    0x00, 0x94, 0x01, 0xa0, 0x04, 0x20, 0xa5, 0x33, 0x3a, 0x40, 0x77, 0xa7,
    0x86, 0x0a, 0x53, 0x33, 0xa4, 0x24, 0x09, 0x40, 0x00, 0xa3, 0x00, 0x09,
    0x40, 0x00, 0x94, 0x16, 0x0c, 0x20, 0x00, 0x94, 0x06, 0x7c, 0x86, 0x72,
    0xd6, 0x66, 0x6c, 0x40, 0x00, 0x94, 0x00, 0x1d, 0x00, 0x00, 0x94, 0x00,
    0x09, 0x40, 0x36, 0x80, 0x00, 0x09, 0x40, 0x00, 0x97, 0x91, 0xc1, 0x00,
    0x00, 0x94, 0x00, 0x0c, 0xb1, 0x75, 0x00, 0x25, 0x4c, 0x30, 0x00, 0x41,
    0x45, 0x00, 0x00, 0x3c, 0xd1, 0x00, 0x00, 0x02, 0x00, 0x00, 0x00, 0x11,
    0x00, 0x00, 0x08, 0x10, 0x00, 0x66, 0x06, 0x50, 0x00, 0x00, 0x2f, 0x30,
    0x00, 0x77, 0x07, 0x70, 0x00, 0x00, 0x69, 0x06, 0x02, 0x88, 0x28, 0x86,
    0x20, 0x00, 0xb7, 0x66, 0x26, 0x99, 0x49, 0x94, 0x20, 0x02, 0xa0, 0x01,
    0x00, 0x77, 0x07, 0x70, 0x00, 0x08, 0x78, 0x8a, 0x11, 0x77, 0x17, 0x72,
    0x80, 0x25, 0x0c, 0x10, 0x46, 0x55, 0x55, 0x55, 0x51, 0x00, 0x0c, 0x11,
    0x04, 0x32, 0x22, 0x45, 0x00, 0x07, 0x6d, 0x6a, 0x56, 0x94, 0x44, 0x99,
    0x00, 0x00, 0x0c, 0x10, 0x06, 0x80, 0x00, 0x77, 0x00, 0x00, 0x0c, 0x10,
    0x06, 0xa6, 0x66, 0xa7, 0x00, 0x00, 0x0c, 0x13, 0x16, 0x80, 0x00, 0x77,
    0x00, 0x00, 0x0d, 0xa3, 0x06, 0x81, 0x11, 0x77, 0x00, 0x00, 0x1b, 0x20,
    0x06, 0xa5, 0x55, 0x97, 0x00, 0x00, 0x00, 0x00, 0x03, 0x20, 0x00, 0x10,
    0x00, 0x00, 0x00, 0x93, 0x00, 0x00, 0x16, 0x00, 0x00, 0x00, 0x00, 0xc2,
    0x00, 0x00, 0xbc, 0x10, 0x00, 0x00, 0x00, 0xc2, 0x00, 0x0a, 0x90, 0x00,
    0x00, 0x00, 0x00, 0xc2, 0x01, 0xa6, 0x00, 0x00, 0x00, 0x00, 0x00, 0xc2,
    0x29, 0x20, 0x00, 0x00, 0x00, 0x00, 0x00, 0xc4, 0x50, 0x00, 0x00, 0x03,
    0x00, 0x17, 0x66, 0xd7, 0x66, 0x66, 0x66, 0x7d, 0x60, 0x00, 0x00, 0xc2,
    0x04, 0x30, 0x00, 0x00, 0x00, 0x00, 0x00, 0xc2, 0x00, 0xa0, 0x00, 0x00,
    0x00, 0x00, 0x00, 0xc2, 0x00, 0x4a, 0x10, 0x00, 0x00, 0x00, 0x00, 0xc2,
    0x00, 0x07, 0xc2, 0x00, 0x00, 0x00, 0x00, 0xc2, 0x03, 0x60, 0x6e, 0x93,
    0x00, 0x00, 0x00, 0xd7, 0xa5, 0x00, 0x03, 0xbf, 0x91, 0x00, 0x00, 0xda,
    0x10, 0x00, 0x00, 0x02, 0x00, 0x00, 0x00, 0x10, 0x00, 0x00, 0x00, 0x00,
    0x00, 0x00, 0x82, 0x00, 0x00, 0x00, 0x00, 0x00, 0x00, 0x3d, 0x06, 0x76,
    0x66, 0x66, 0xd2, 0x2b, 0x1a, 0x00, 0x00, 0x00, 0x00, 0xd0, 0x1c, 0x00,
    0x00, 0x00, 0x00, 0x00, 0xd0, 0x1c, 0x00, 0x97, 0x66, 0xa8, 0x00, 0xd0,
    0x1c, 0x00, 0x94, 0x00, 0x85, 0x00, 0xd0, 0x1c, 0x00, 0x94, 0x00, 0x85,
    0x00, 0xd0, 0x1c, 0x00, 0x98, 0x66, 0xa5, 0x00, 0xd0, 0x1c, 0x00, 0x94,
    0x00, 0x85, 0x00, 0xd0, 0x1c, 0x00, 0x94, 0x00, 0x85, 0x00, 0xd0, 0x1c,
    0x00, 0x98, 0x66, 0xa5, 0x00, 0xd0, 0x1c, 0x00, 0x51, 0x00, 0x31, 0x00,
    0xd0, 0x1c, 0x00, 0x00, 0x00, 0x02, 0x32, 0xd0, 0x1d, 0x00, 0x00, 0x00,
    0x00, 0x6f, 0xa0, 0x01, 0x00, 0x00, 0x00, 0x00, 0x03, 0x00, 0x11, 0x00,
    0x40, 0x20, 0x00, 0x03, 0x10, 0x03, 0xc6, 0x8c, 0x0d, 0x66, 0x66, 0xc6,
    0x00, 0x39, 0x07, 0x50, 0xd0, 0x00, 0x0a, 0x30, 0x03, 0x90, 0x90, 0x0d,
    0x22, 0x22, 0xb3, 0x00, 0x39, 0x06, 0x00, 0xd4, 0x44, 0x4c, 0x30, 0x03,
    0x91, 0x50, 0x0c, 0x00, 0x00, 0xa3, 0x00, 0x39, 0x07, 0x20, 0xd6, 0x66,
    0x6c, 0x30, 0x03, 0x90, 0x1a, 0x0c, 0x06, 0x00, 0x45, 0x00, 0x39, 0x00,
    0xc0, 0xc0, 0x71, 0x08, 0xd2, 0x03, 0xa2, 0x2e, 0x0c, 0x02, 0x88, 0x50,
    0x00, 0x39, 0x5f, 0x80, 0xc0, 0x0b, 0x40, 0x00, 0x03, 0x90, 0x20, 0x0c,
    0x01, 0x4d, 0x30, 0x00, 0x3a, 0x00, 0x00, 0xd8, 0x60, 0x3e, 0xa4, 0x03,
    0xa0, 0x00, 0x1d, 0x50, 0x00, 0x2b, 0x60, 0x23, 0x00, 0x00, 0x10, 0x00,
    0x00, 0x00, 0x00, 0x00, 0x00, 0x00, 0x00, 0x00, 0x00, 0x00, 0x01, 0x00,
    0x03, 0x00, 0x0b, 0x60, 0x00, 0x00, 0x69, 0x68, 0xe1, 0x03, 0xd7, 0x00,
    0x00, 0x06, 0x60, 0x85, 0x00, 0xb4, 0x37, 0x00, 0x00, 0x66, 0x0a, 0x00,
    0x68, 0x00, 0x87, 0x00, 0x06, 0x64, 0x30, 0x39, 0x00, 0x01, 0xac, 0x50,
    0x66, 0x42, 0x36, 0x57, 0x77, 0x96, 0x77, 0x06, 0x60, 0x92, 0x00, 0x05,
    0x80, 0x00, 0x00, 0x66, 0x04, 0x90, 0x00, 0x58, 0x00, 0x50, 0x06, 0x60,
    0x2c, 0x57, 0x69, 0xa6, 0x68, 0x20, 0x67, 0x58, 0x90, 0x42, 0x58, 0x20,
    0x00, 0x06, 0x65, 0xb1, 0x1d, 0x55, 0x82, 0x81, 0x00, 0x66, 0x00, 0x09,
    0x50, 0x58, 0x03, 0xc1, 0x06, 0x60, 0x07, 0x40, 0x05, 0x70, 0x09, 0x60,
    0x66, 0x02, 0x10, 0x49, 0xd6, 0x00, 0x11, 0x03, 0x20, 0x00, 0x00, 0x06,
    0x00, 0x00, 0x00, 0x01, 0x00, 0xda, 0x0e, 0xa0, 0xd9, 0x0b, 0x70, 0x96,
    0x08, 0x40, 0x52, 0x01, 0x00, 0xa7, 0x1f, 0xd0, 0x21, 0x00, 0x04, 0x20,
    0x07, 0x30, 0x06, 0x50, 0x02, 0xb0, 0x00, 0x86, 0x00, 0x0b, 0x30, 0x00,
    0xc2, 0x00, 0x09, 0x40, 0x00, 0x67, 0x00, 0x00, 0xb1, 0x00, 0x02, 0x90,
    0x00, 0x02, 0x81, 0x00, 0x00, 0x20, 0x00, 0x00, 0x03, 0x60, 0x00, 0x03,
    0x80, 0x00, 0x04, 0x80, 0x00, 0x0b, 0x30, 0x00, 0x59, 0x00, 0x02, 0xd0,
    0x00, 0x1d, 0x00, 0x02, 0xb0, 0x00, 0x68, 0x00, 0x1c, 0x10, 0x0a, 0x40,
    0x08, 0x30, 0x02, 0x00, 0x00, 0x49, 0x1a, 0xf6, 0x2c, 0x32, 0x90, 0x50,
    0x00, 0x68, 0x1e, 0xf4, 0x35, 0x00, 0x00, 0xac, 0x1c, 0xe2, 0x12, 0x00,
    0x58, 0x0e, 0xf2, 0x35, 0x00, 0x00, 0x9b, 0x08, 0xe2, 0x19, 0x02, 0x10,
    0x02, 0x66, 0x10, 0x37, 0x02, 0xd2, 0xa4, 0x00, 0x98, 0x64, 0x00, 0xc6,
    0x00, 0x06, 0xb0, 0x00, 0x2d, 0x10, 0x00, 0x65, 0x00, 0x00, 0x61, 0x00,
    0x00, 0x00, 0x00, 0x02, 0xeb, 0x00, 0x02, 0xea, 0x00, 0x00, 0x00, 0x00
};

static const lv_font_fmt_txt_glyph_dsc_t glyph_dsc[] = {
    {.bitmap_index = 0, .adv_w = 0, .box_w = 0, .box_h = 0, .ofs_x = 0, .ofs_y = 0}, /* id = 0 reserved */
    {.bitmap_index = 0, .adv_w = 128, .box_w = 0, .box_h = 0, .ofs_x = 0, .ofs_y = 0}, /* U+0020 */
    {.bitmap_index = 0, .adv_w = 128, .box_w = 2, .box_h = 11, .ofs_x = 3, .ofs_y = 0}, /* U+0021 */
    {.bitmap_index = 11, .adv_w = 128, .box_w = 6, .box_h = 4, .ofs_x = 1, .ofs_y = 9}, /* U+0022 */
    {.bitmap_index = 23, .adv_w = 128, .box_w = 8, .box_h = 11, .ofs_x = 0, .ofs_y = 0}, /* U+0023 */
    {.bitmap_index = 67, .adv_w = 128, .box_w = 6, .box_h = 14, .ofs_x = 1, .ofs_y = -2}, /* U+0024 */
    {.bitmap_index = 109, .adv_w = 128, .box_w = 8, .box_h = 11, .ofs_x = 0, .ofs_y = 0}, /* U+0025 */
    {.bitmap_index = 153, .adv_w = 128, .box_w = 8, .box_h = 11, .ofs_x = 0, .ofs_y = 0}, /* U+0026 */
    {.bitmap_index = 197, .adv_w = 128, .box_w = 4, .box_h = 4, .ofs_x = 0, .ofs_y = 9}, /* U+0027 */
    {.bitmap_index = 205, .adv_w = 128, .box_w = 5, .box_h = 14, .ofs_x = 3, .ofs_y = -1}, /* U+0028 */
    {.bitmap_index = 240, .adv_w = 128, .box_w = 5, .box_h = 14, .ofs_x = 0, .ofs_y = -1}, /* U+0029 */
    {.bitmap_index = 275, .adv_w = 128, .box_w = 8, .box_h = 8, .ofs_x = 0, .ofs_y = 2}, /* U+002A */
    {.bitmap_index = 307, .adv_w = 128, .box_w = 8, .box_h = 9, .ofs_x = 0, .ofs_y = 1}, /* U+002B */
    {.bitmap_index = 343, .adv_w = 128, .box_w = 4, .box_h = 4, .ofs_x = 0, .ofs_y = -2}, /* U+002C */
    {.bitmap_index = 351, .adv_w = 128, .box_w = 8, .box_h = 1, .ofs_x = 0, .ofs_y = 5}, /* U+002D */
    {.bitmap_index = 355, .adv_w = 128, .box_w = 2, .box_h = 2, .ofs_x = 1, .ofs_y = 0}, /* U+002E */
    {.bitmap_index = 357, .adv_w = 128, .box_w = 8, .box_h = 13, .ofs_x = 0, .ofs_y = -1}, /* U+002F */
    {.bitmap_index = 409, .adv_w = 128, .box_w = 8, .box_h = 11, .ofs_x = 0, .ofs_y = 0}, /* U+0030 */
    {.bitmap_index = 453, .adv_w = 128, .box_w = 6, .box_h = 11, .ofs_x = 1, .ofs_y = 0}, /* U+0031 */
    {.bitmap_index = 486, .adv_w = 128, .box_w = 7, .box_h = 11, .ofs_x = 0, .ofs_y = 0}, /* U+0032 */
    {.bitmap_index = 525, .adv_w = 128, .box_w = 7, .box_h = 11, .ofs_x = 0, .ofs_y = 0}, /* U+0033 */
    {.bitmap_index = 564, .adv_w = 128, .box_w = 8, .box_h = 12, .ofs_x = 0, .ofs_y = 0}, /* U+0034 */
    {.bitmap_index = 612, .adv_w = 128, .box_w = 7, .box_h = 11, .ofs_x = 0, .ofs_y = 0}, /* U+0035 */
    {.bitmap_index = 651, .adv_w = 128, .box_w = 8, .box_h = 11, .ofs_x = 0, .ofs_y = 0}, /* U+0036 */
    {.bitmap_index = 695, .adv_w = 128, .box_w = 7, .box_h = 11, .ofs_x = 1, .ofs_y = 0}, /* U+0037 */
    {.bitmap_index = 734, .adv_w = 128, .box_w = 8, .box_h = 11, .ofs_x = 0, .ofs_y = 0}, /* U+0038 */
    {.bitmap_index = 778, .adv_w = 128, .box_w = 8, .box_h = 11, .ofs_x = 0, .ofs_y = 0}, /* U+0039 */
    {.bitmap_index = 822, .adv_w = 128, .box_w = 2, .box_h = 8, .ofs_x = 3, .ofs_y = 0}, /* U+003A */
    {.bitmap_index = 830, .adv_w = 128, .box_w = 2, .box_h = 9, .ofs_x = 3, .ofs_y = -2}, /* U+003B */
    {.bitmap_index = 839, .adv_w = 128, .box_w = 6, .box_h = 11, .ofs_x = 1, .ofs_y = 0}, /* U+003C */
    {.bitmap_index = 872, .adv_w = 128, .box_w = 8, .box_h = 5, .ofs_x = 0, .ofs_y = 3}, /* U+003D */
    {.bitmap_index = 892, .adv_w = 128, .box_w = 6, .box_h = 11, .ofs_x = 1, .ofs_y = 0}, /* U+003E */
    {.bitmap_index = 925, .adv_w = 128, .box_w = 8, .box_h = 11, .ofs_x = 0, .ofs_y = 0}, /* U+003F */
    {.bitmap_index = 969, .adv_w = 128, .box_w = 8, .box_h = 11, .ofs_x = 0, .ofs_y = 0}, /* U+0040 */
    {.bitmap_index = 1013, .adv_w = 128, .box_w = 8, .box_h = 11, .ofs_x = 0, .ofs_y = 0}, /* U+0041 */
    {.bitmap_index = 1057, .adv_w = 128, .box_w = 8, .box_h = 11, .ofs_x = 0, .ofs_y = 0}, /* U+0042 */
    {.bitmap_index = 1101, .adv_w = 128, .box_w = 8, .box_h = 11, .ofs_x = 0, .ofs_y = 0}, /* U+0043 */
    {.bitmap_index = 1145, .adv_w = 128, .box_w = 8, .box_h = 11, .ofs_x = 0, .ofs_y = 0}, /* U+0044 */
    {.bitmap_index = 1189, .adv_w = 128, .box_w = 8, .box_h = 11, .ofs_x = 0, .ofs_y = 0}, /* U+0045 */
    {.bitmap_index = 1233, .adv_w = 128, .box_w = 8, .box_h = 11, .ofs_x = 0, .ofs_y = 0}, /* U+0046 */
    {.bitmap_index = 1277, .adv_w = 128, .box_w = 8, .box_h = 11, .ofs_x = 0, .ofs_y = 0}, /* U+0047 */
    {.bitmap_index = 1321, .adv_w = 128, .box_w = 8, .box_h = 11, .ofs_x = 0, .ofs_y = 0}, /* U+0048 */
    {.bitmap_index = 1365, .adv_w = 128, .box_w = 6, .box_h = 11, .ofs_x = 1, .ofs_y = 0}, /* U+0049 */
    {.bitmap_index = 1398, .adv_w = 128, .box_w = 8, .box_h = 13, .ofs_x = 0, .ofs_y = -2}, /* U+004A */
    {.bitmap_index = 1450, .adv_w = 128, .box_w = 8, .box_h = 11, .ofs_x = 0, .ofs_y = 0}, /* U+004B */
    {.bitmap_index = 1494, .adv_w = 128, .box_w = 8, .box_h = 11, .ofs_x = 0, .ofs_y = 0}, /* U+004C */
    {.bitmap_index = 1538, .adv_w = 128, .box_w = 8, .box_h = 11, .ofs_x = 0, .ofs_y = 0}, /* U+004D */
    {.bitmap_index = 1582, .adv_w = 128, .box_w = 8, .box_h = 11, .ofs_x = 0, .ofs_y = 0}, /* U+004E */
    {.bitmap_index = 1626, .adv_w = 128, .box_w = 8, .box_h = 11, .ofs_x = 0, .ofs_y = 0}, /* U+004F */
    {.bitmap_index = 1670, .adv_w = 128, .box_w = 8, .box_h = 11, .ofs_x = 0, .ofs_y = 0}, /* U+0050 */
    {.bitmap_index = 1714, .adv_w = 128, .box_w = 8, .box_h = 12, .ofs_x = 0, .ofs_y = -1}, /* U+0051 */
    {.bitmap_index = 1762, .adv_w = 128, .box_w = 8, .box_h = 11, .ofs_x = 0, .ofs_y = 0}, /* U+0052 */
    {.bitmap_index = 1806, .adv_w = 128, .box_w = 8, .box_h = 11, .ofs_x = 0, .ofs_y = 0}, /* U+0053 */
    {.bitmap_index = 1850, .adv_w = 128, .box_w = 8, .box_h = 11, .ofs_x = 0, .ofs_y = 0}, /* U+0054 */
    {.bitmap_index = 1894, .adv_w = 128, .box_w = 8, .box_h = 11, .ofs_x = 0, .ofs_y = 0}, /* U+0055 */
    {.bitmap_index = 1938, .adv_w = 128, .box_w = 8, .box_h = 11, .ofs_x = 0, .ofs_y = 0}, /* U+0056 */
    {.bitmap_index = 1982, .adv_w = 128, .box_w = 8, .box_h = 11, .ofs_x = 0, .ofs_y = 0}, /* U+0057 */
    {.bitmap_index = 2026, .adv_w = 128, .box_w = 8, .box_h = 11, .ofs_x = 0, .ofs_y = 0}, /* U+0058 */
    {.bitmap_index = 2070, .adv_w = 128, .box_w = 8, .box_h = 11, .ofs_x = 0, .ofs_y = 0}, /* U+0059 */
    {.bitmap_index = 2114, .adv_w = 128, .box_w = 8, .box_h = 11, .ofs_x = 0, .ofs_y = 0}, /* U+005A */
    {.bitmap_index = 2158, .adv_w = 128, .box_w = 4, .box_h = 14, .ofs_x = 3, .ofs_y = -1}, /* U+005B */
    {.bitmap_index = 2186, .adv_w = 128, .box_w = 7, .box_h = 14, .ofs_x = 1, .ofs_y = -2}, /* U+005C */
    {.bitmap_index = 2235, .adv_w = 128, .box_w = 4, .box_h = 14, .ofs_x = 1, .ofs_y = -1}, /* U+005D */
    {.bitmap_index = 2263, .adv_w = 128, .box_w = 6, .box_h = 2, .ofs_x = 1, .ofs_y = 11}, /* U+005E */
    {.bitmap_index = 2269, .adv_w = 128, .box_w = 8, .box_h = 1, .ofs_x = 0, .ofs_y = -2}, /* U+005F */
    {.bitmap_index = 2273, .adv_w = 128, .box_w = 4, .box_h = 2, .ofs_x = 1, .ofs_y = 11}, /* U+0060 */
    {.bitmap_index = 2277, .adv_w = 128, .box_w = 8, .box_h = 7, .ofs_x = 0, .ofs_y = 0}, /* U+0061 */
    {.bitmap_index = 2305, .adv_w = 128, .box_w = 8, .box_h = 12, .ofs_x = 0, .ofs_y = 0}, /* U+0062 */
    {.bitmap_index = 2353, .adv_w = 128, .box_w = 7, .box_h = 7, .ofs_x = 0, .ofs_y = 0}, /* U+0063 */
    {.bitmap_index = 2378, .adv_w = 128, .box_w = 8, .box_h = 12, .ofs_x = 0, .ofs_y = 0}, /* U+0064 */
    {.bitmap_index = 2426, .adv_w = 128, .box_w = 7, .box_h = 7, .ofs_x = 1, .ofs_y = 0}, /* U+0065 */
    {.bitmap_index = 2451, .adv_w = 128, .box_w = 8, .box_h = 11, .ofs_x = 0, .ofs_y = 0}, /* U+0066 */
    {.bitmap_index = 2495, .adv_w = 128, .box_w = 8, .box_h = 9, .ofs_x = 0, .ofs_y = -2}, /* U+0067 */
    {.bitmap_index = 2531, .adv_w = 128, .box_w = 8, .box_h = 12, .ofs_x = 0, .ofs_y = 0}, /* U+0068 */
    {.bitmap_index = 2579, .adv_w = 128, .box_w = 6, .box_h = 11, .ofs_x = 1, .ofs_y = 0}, /* U+0069 */
    {.bitmap_index = 2612, .adv_w = 128, .box_w = 6, .box_h = 13, .ofs_x = 1, .ofs_y = -2}, /* U+006A */
    {.bitmap_index = 2651, .adv_w = 128, .box_w = 8, .box_h = 12, .ofs_x = 0, .ofs_y = 0}, /* U+006B */
    {.bitmap_index = 2699, .adv_w = 128, .box_w = 6, .box_h = 11, .ofs_x = 1, .ofs_y = 0}, /* U+006C */
    {.bitmap_index = 2732, .adv_w = 128, .box_w = 8, .box_h = 7, .ofs_x = 0, .ofs_y = 0}, /* U+006D */
    {.bitmap_index = 2760, .adv_w = 128, .box_w = 8, .box_h = 7, .ofs_x = 0, .ofs_y = 0}, /* U+006E */
    {.bitmap_index = 2788, .adv_w = 128, .box_w = 8, .box_h = 7, .ofs_x = 0, .ofs_y = 0}, /* U+006F */
    {.bitmap_index = 2816, .adv_w = 128, .box_w = 8, .box_h = 9, .ofs_x = 0, .ofs_y = -2}, /* U+0070 */
    {.bitmap_index = 2852, .adv_w = 128, .box_w = 8, .box_h = 9, .ofs_x = 0, .ofs_y = -2}, /* U+0071 */
    {.bitmap_index = 2888, .adv_w = 128, .box_w = 8, .box_h = 7, .ofs_x = 0, .ofs_y = 0}, /* U+0072 */
    {.bitmap_index = 2916, .adv_w = 128, .box_w = 6, .box_h = 7, .ofs_x = 1, .ofs_y = 0}, /* U+0073 */
    {.bitmap_index = 2937, .adv_w = 128, .box_w = 6, .box_h = 9, .ofs_x = 1, .ofs_y = 0}, /* U+0074 */
    {.bitmap_index = 2964, .adv_w = 128, .box_w = 8, .box_h = 7, .ofs_x = 0, .ofs_y = 0}, /* U+0075 */
    {.bitmap_index = 2992, .adv_w = 128, .box_w = 8, .box_h = 7, .ofs_x = 0, .ofs_y = 0}, /* U+0076 */
    {.bitmap_index = 3020, .adv_w = 128, .box_w = 8, .box_h = 7, .ofs_x = 0, .ofs_y = 0}, /* U+0077 */
    {.bitmap_index = 3048, .adv_w = 128, .box_w = 8, .box_h = 7, .ofs_x = 0, .ofs_y = 0}, /* U+0078 */
    {.bitmap_index = 3076, .adv_w = 128, .box_w = 8, .box_h = 9, .ofs_x = 0, .ofs_y = -2}, /* U+0079 */
    {.bitmap_index = 3112, .adv_w = 128, .box_w = 6, .box_h = 7, .ofs_x = 1, .ofs_y = 0}, /* U+007A */
    {.bitmap_index = 3133, .adv_w = 128, .box_w = 4, .box_h = 14, .ofs_x = 3, .ofs_y = -1}, /* U+007B */
    {.bitmap_index = 3161, .adv_w = 128, .box_w = 2, .box_h = 16, .ofs_x = 3, .ofs_y = -2}, /* U+007C */
    {.bitmap_index = 3177, .adv_w = 128, .box_w = 4, .box_h = 14, .ofs_x = 1, .ofs_y = -1}, /* U+007D */
    {.bitmap_index = 3205, .adv_w = 128, .box_w = 8, .box_h = 3, .ofs_x = 0, .ofs_y = 11}, /* U+007E */
    {.bitmap_index = 3217, .adv_w = 256, .box_w = 7, .box_h = 6, .ofs_x = 7, .ofs_y = 7}, /* U+201C */
    {.bitmap_index = 3238, .adv_w = 256, .box_w = 7, .box_h = 6, .ofs_x = 2, .ofs_y = 7}, /* U+201D */
    {.bitmap_index = 3259, .adv_w = 256, .box_w = 5, .box_h = 5, .ofs_x = 1, .ofs_y = -1}, /* U+3001 */
    {.bitmap_index = 3272, .adv_w = 256, .box_w = 4, .box_h = 5, .ofs_x = 2, .ofs_y = -1}, /* U+3002 */
    {.bitmap_index = 3282, .adv_w = 256, .box_w = 7, .box_h = 14, .ofs_x = 8, .ofs_y = -1}, /* U+300A */
    {.bitmap_index = 3331, .adv_w = 256, .box_w = 7, .box_h = 14, .ofs_x = 1, .ofs_y = -1}, /* U+300B */
    {.bitmap_index = 3380, .adv_w = 256, .box_w = 7, .box_h = 14, .ofs_x = 7, .ofs_y = -1}, /* U+3010 */
    {.bitmap_index = 3429, .adv_w = 256, .box_w = 6, .box_h = 14, .ofs_x = 2, .ofs_y = -1}, /* U+3011 */
    {.bitmap_index = 3471, .adv_w = 256, .box_w = 16, .box_h = 2, .ofs_x = 0, .ofs_y = 6}, /* U+4E00 */
    {.bitmap_index = 3487, .adv_w = 256, .box_w = 16, .box_h = 14, .ofs_x = 0, .ofs_y = -1}, /* U+4E0A */
    {.bitmap_index = 3599, .adv_w = 256, .box_w = 14, .box_h = 15, .ofs_x = 1, .ofs_y = -2}, /* U+4E0B */
    {.bitmap_index = 3704, .adv_w = 256, .box_w = 16, .box_h = 15, .ofs_x = 0, .ofs_y = -2}, /* U+4E0D */
    {.bitmap_index = 3824, .adv_w = 256, .box_w = 16, .box_h = 16, .ofs_x = 0, .ofs_y = -2}, /* U+4E2A */
    {.bitmap_index = 3952, .adv_w = 256, .box_w = 13, .box_h = 16, .ofs_x = 2, .ofs_y = -2}, /* U+4E2D */
    {.bitmap_index = 4056, .adv_w = 256, .box_w = 16, .box_h = 14, .ofs_x = 0, .ofs_y = -1}, /* U+4E4B */
    {.bitmap_index = 4168, .adv_w = 256, .box_w = 14, .box_h = 13, .ofs_x = 1, .ofs_y = -1}, /* U+4E91 */
    {.bitmap_index = 4259, .adv_w = 256, .box_w = 16, .box_h = 15, .ofs_x = 0, .ofs_y = -2}, /* U+4EC5 */
    {.bitmap_index = 4379, .adv_w = 256, .box_w = 13, .box_h = 15, .ofs_x = 2, .ofs_y = -2}, /* U+4EE5 */
    {.bitmap_index = 4477, .adv_w = 256, .box_w = 16, .box_h = 16, .ofs_x = 0, .ofs_y = -2}, /* U+4EFB */
    {.bitmap_index = 4605, .adv_w = 256, .box_w = 16, .box_h = 16, .ofs_x = 0, .ofs_y = -2}, /* U+4F1A */
    {.bitmap_index = 4733, .adv_w = 256, .box_w = 16, .box_h = 15, .ofs_x = 0, .ofs_y = -2}, /* U+4F20 */
    {.bitmap_index = 4853, .adv_w = 256, .box_w = 15, .box_h = 16, .ofs_x = 0, .ofs_y = -2}, /* U+4F5C */
    {.bitmap_index = 4973, .adv_w = 256, .box_w = 16, .box_h = 16, .ofs_x = 0, .ofs_y = -2}, /* U+4F60 */
    {.bitmap_index = 5101, .adv_w = 256, .box_w = 16, .box_h = 16, .ofs_x = 0, .ofs_y = -2}, /* U+4FDD */
    {.bitmap_index = 5229, .adv_w = 256, .box_w = 15, .box_h = 15, .ofs_x = 0, .ofs_y = -2}, /* U+4FE1 */
    {.bitmap_index = 5342, .adv_w = 256, .box_w = 16, .box_h = 16, .ofs_x = 0, .ofs_y = -2}, /* U+5148 */
    {.bitmap_index = 5470, .adv_w = 256, .box_w = 16, .box_h = 15, .ofs_x = 0, .ofs_y = -2}, /* U+5165 */
    {.bitmap_index = 5590, .adv_w = 256, .box_w = 12, .box_h = 16, .ofs_x = 2, .ofs_y = -2}, /* U+5185 */
    {.bitmap_index = 5686, .adv_w = 256, .box_w = 16, .box_h = 15, .ofs_x = 0, .ofs_y = -2}, /* U+518C */
    {.bitmap_index = 5806, .adv_w = 256, .box_w = 14, .box_h = 15, .ofs_x = 1, .ofs_y = -2}, /* U+5199 */
    {.bitmap_index = 5911, .adv_w = 256, .box_w = 16, .box_h = 15, .ofs_x = 0, .ofs_y = -2}, /* U+5206 */
    {.bitmap_index = 6031, .adv_w = 256, .box_w = 15, .box_h = 15, .ofs_x = 0, .ofs_y = -2}, /* U+5217 */
    {.bitmap_index = 6144, .adv_w = 256, .box_w = 15, .box_h = 16, .ofs_x = 0, .ofs_y = -2}, /* U+5220 */
    {.bitmap_index = 6264, .adv_w = 256, .box_w = 14, .box_h = 15, .ofs_x = 1, .ofs_y = -2}, /* U+5230 */
    {.bitmap_index = 6369, .adv_w = 256, .box_w = 16, .box_h = 15, .ofs_x = 0, .ofs_y = -2}, /* U+524D */
    {.bitmap_index = 6489, .adv_w = 256, .box_w = 15, .box_h = 16, .ofs_x = 0, .ofs_y = -2}, /* U+529F */
    {.bitmap_index = 6609, .adv_w = 256, .box_w = 16, .box_h = 16, .ofs_x = 0, .ofs_y = -2}, /* U+52A1 */
    {.bitmap_index = 6737, .adv_w = 256, .box_w = 15, .box_h = 15, .ofs_x = 0, .ofs_y = -2}, /* U+52A8 */
    {.bitmap_index = 6850, .adv_w = 256, .box_w = 16, .box_h = 16, .ofs_x = 0, .ofs_y = -2}, /* U+5361 */
    {.bitmap_index = 6978, .adv_w = 256, .box_w = 16, .box_h = 16, .ofs_x = 0, .ofs_y = -2}, /* U+53D8 */
    {.bitmap_index = 7106, .adv_w = 256, .box_w = 13, .box_h = 15, .ofs_x = 1, .ofs_y = -2}, /* U+53EA */
    {.bitmap_index = 7204, .adv_w = 256, .box_w = 16, .box_h = 15, .ofs_x = 0, .ofs_y = -2}, /* U+53EF */
    {.bitmap_index = 7324, .adv_w = 256, .box_w = 14, .box_h = 16, .ofs_x = 1, .ofs_y = -2}, /* U+53F0 */
    {.bitmap_index = 7436, .adv_w = 256, .box_w = 13, .box_h = 15, .ofs_x = 2, .ofs_y = -2}, /* U+540C */
    {.bitmap_index = 7534, .adv_w = 256, .box_w = 14, .box_h = 15, .ofs_x = 0, .ofs_y = -2}, /* U+540D */
    {.bitmap_index = 7639, .adv_w = 256, .box_w = 15, .box_h = 15, .ofs_x = 0, .ofs_y = -2}, /* U+540E */
    {.bitmap_index = 7752, .adv_w = 256, .box_w = 14, .box_h = 16, .ofs_x = 0, .ofs_y = -2}, /* U+542F */
    {.bitmap_index = 7864, .adv_w = 256, .box_w = 15, .box_h = 15, .ofs_x = 0, .ofs_y = -2}, /* U+548C */
    {.bitmap_index = 7977, .adv_w = 256, .box_w = 16, .box_h = 15, .ofs_x = 0, .ofs_y = -2}, /* U+552E */
    {.bitmap_index = 8097, .adv_w = 256, .box_w = 13, .box_h = 15, .ofs_x = 2, .ofs_y = -2}, /* U+56FA */
    {.bitmap_index = 8195, .adv_w = 256, .box_w = 13, .box_h = 15, .ofs_x = 2, .ofs_y = -2}, /* U+56FE */
    {.bitmap_index = 8293, .adv_w = 256, .box_w = 16, .box_h = 16, .ofs_x = 0, .ofs_y = -2}, /* U+5728 */
    {.bitmap_index = 8421, .adv_w = 256, .box_w = 16, .box_h = 14, .ofs_x = 0, .ofs_y = -1}, /* U+5730 */
    {.bitmap_index = 8533, .adv_w = 256, .box_w = 16, .box_h = 14, .ofs_x = 0, .ofs_y = -1}, /* U+5740 */
    {.bitmap_index = 8645, .adv_w = 256, .box_w = 16, .box_h = 16, .ofs_x = 0, .ofs_y = -2}, /* U+5907 */
    {.bitmap_index = 8773, .adv_w = 256, .box_w = 15, .box_h = 16, .ofs_x = 1, .ofs_y = -2}, /* U+5931 */
    {.bitmap_index = 8893, .adv_w = 256, .box_w = 15, .box_h = 15, .ofs_x = 0, .ofs_y = -2}, /* U+5982 */
    {.bitmap_index = 9006, .adv_w = 256, .box_w = 15, .box_h = 16, .ofs_x = 0, .ofs_y = -2}, /* U+59CB */
    {.bitmap_index = 9126, .adv_w = 256, .box_w = 16, .box_h = 16, .ofs_x = 0, .ofs_y = -2}, /* U+5B58 */
    {.bitmap_index = 9254, .adv_w = 256, .box_w = 16, .box_h = 15, .ofs_x = 0, .ofs_y = -2}, /* U+5B8C */
    {.bitmap_index = 9374, .adv_w = 256, .box_w = 14, .box_h = 15, .ofs_x = 1, .ofs_y = -2}, /* U+5B9A */
    {.bitmap_index = 9479, .adv_w = 256, .box_w = 15, .box_h = 16, .ofs_x = 0, .ofs_y = -2}, /* U+5BC6 */
    {.bitmap_index = 9599, .adv_w = 256, .box_w = 13, .box_h = 14, .ofs_x = 2, .ofs_y = -1}, /* U+5DF2 */
    {.bitmap_index = 9690, .adv_w = 256, .box_w = 15, .box_h = 15, .ofs_x = 1, .ofs_y = -2}, /* U+5E76 */
    {.bitmap_index = 9803, .adv_w = 256, .box_w = 15, .box_h = 16, .ofs_x = 0, .ofs_y = -2}, /* U+5E8F */
    {.bitmap_index = 9923, .adv_w = 256, .box_w = 16, .box_h = 15, .ofs_x = 0, .ofs_y = -2}, /* U+5F00 */
    {.bitmap_index = 10043, .adv_w = 256, .box_w = 15, .box_h = 16, .ofs_x = 1, .ofs_y = -2}, /* U+5F0F */
    {.bitmap_index = 10163, .adv_w = 256, .box_w = 15, .box_h = 15, .ofs_x = 1, .ofs_y = -2}, /* U+5F20 */
    {.bitmap_index = 10276, .adv_w = 256, .box_w = 14, .box_h = 15, .ofs_x = 1, .ofs_y = -2}, /* U+5F53 */
    {.bitmap_index = 10381, .adv_w = 256, .box_w = 16, .box_h = 15, .ofs_x = 0, .ofs_y = -2}, /* U+5F55 */
    {.bitmap_index = 10501, .adv_w = 256, .box_w = 16, .box_h = 16, .ofs_x = 0, .ofs_y = -2}, /* U+5F85 */
    {.bitmap_index = 10629, .adv_w = 256, .box_w = 16, .box_h = 16, .ofs_x = 0, .ofs_y = -2}, /* U+6001 */
    {.bitmap_index = 10757, .adv_w = 256, .box_w = 14, .box_h = 15, .ofs_x = 1, .ofs_y = -1}, /* U+606F */
    {.bitmap_index = 10862, .adv_w = 256, .box_w = 16, .box_h = 15, .ofs_x = 0, .ofs_y = -2}, /* U+6210 */
    {.bitmap_index = 10982, .adv_w = 256, .box_w = 16, .box_h = 15, .ofs_x = 0, .ofs_y = -2}, /* U+6216 */
    {.bitmap_index = 11102, .adv_w = 256, .box_w = 16, .box_h = 15, .ofs_x = 0, .ofs_y = -2}, /* U+624B */
    {.bitmap_index = 11222, .adv_w = 256, .box_w = 16, .box_h = 15, .ofs_x = 0, .ofs_y = -2}, /* U+6253 */
    {.bitmap_index = 11342, .adv_w = 256, .box_w = 15, .box_h = 15, .ofs_x = 0, .ofs_y = -2}, /* U+627E */
    {.bitmap_index = 11455, .adv_w = 256, .box_w = 16, .box_h = 16, .ofs_x = 0, .ofs_y = -2}, /* U+62E9 */
    {.bitmap_index = 11583, .adv_w = 256, .box_w = 16, .box_h = 15, .ofs_x = 0, .ofs_y = -2}, /* U+6301 */
    {.bitmap_index = 11703, .adv_w = 256, .box_w = 16, .box_h = 15, .ofs_x = 0, .ofs_y = -2}, /* U+6302 */
    {.bitmap_index = 11823, .adv_w = 256, .box_w = 16, .box_h = 15, .ofs_x = 0, .ofs_y = -2}, /* U+6309 */
    {.bitmap_index = 11943, .adv_w = 256, .box_w = 16, .box_h = 16, .ofs_x = 0, .ofs_y = -2}, /* U+63A5 */
    {.bitmap_index = 12071, .adv_w = 256, .box_w = 16, .box_h = 15, .ofs_x = 0, .ofs_y = -2}, /* U+63D2 */
    {.bitmap_index = 12191, .adv_w = 256, .box_w = 16, .box_h = 15, .ofs_x = 0, .ofs_y = -2}, /* U+64AD */
    {.bitmap_index = 12311, .adv_w = 256, .box_w = 16, .box_h = 15, .ofs_x = 0, .ofs_y = -2}, /* U+64CD */
    {.bitmap_index = 12431, .adv_w = 256, .box_w = 16, .box_h = 16, .ofs_x = 0, .ofs_y = -2}, /* U+652F */
    {.bitmap_index = 12559, .adv_w = 256, .box_w = 15, .box_h = 16, .ofs_x = 1, .ofs_y = -2}, /* U+6536 */
    {.bitmap_index = 12679, .adv_w = 256, .box_w = 16, .box_h = 16, .ofs_x = 0, .ofs_y = -2}, /* U+653E */
    {.bitmap_index = 12807, .adv_w = 256, .box_w = 16, .box_h = 16, .ofs_x = 0, .ofs_y = -2}, /* U+6570 */
    {.bitmap_index = 12935, .adv_w = 256, .box_w = 16, .box_h = 15, .ofs_x = 0, .ofs_y = -2}, /* U+65B0 */
    {.bitmap_index = 13055, .adv_w = 256, .box_w = 16, .box_h = 15, .ofs_x = 0, .ofs_y = -2}, /* U+65E0 */
    {.bitmap_index = 13175, .adv_w = 256, .box_w = 14, .box_h = 15, .ofs_x = 1, .ofs_y = -2}, /* U+65F6 */
    {.bitmap_index = 13280, .adv_w = 256, .box_w = 14, .box_h = 14, .ofs_x = 1, .ofs_y = -1}, /* U+663E */
    {.bitmap_index = 13378, .adv_w = 256, .box_w = 14, .box_h = 16, .ofs_x = 1, .ofs_y = -2}, /* U+667A */
    {.bitmap_index = 13490, .adv_w = 256, .box_w = 15, .box_h = 15, .ofs_x = 1, .ofs_y = -2}, /* U+6682 */
    {.bitmap_index = 13603, .adv_w = 256, .box_w = 16, .box_h = 15, .ofs_x = 0, .ofs_y = -2}, /* U+66F4 */
    {.bitmap_index = 13723, .adv_w = 256, .box_w = 16, .box_h = 16, .ofs_x = 0, .ofs_y = -2}, /* U+6709 */
    {.bitmap_index = 13851, .adv_w = 256, .box_w = 16, .box_h = 16, .ofs_x = 0, .ofs_y = -2}, /* U+672A */
    {.bitmap_index = 13979, .adv_w = 256, .box_w = 16, .box_h = 16, .ofs_x = 0, .ofs_y = -2}, /* U+672C */
    {.bitmap_index = 14107, .adv_w = 256, .box_w = 16, .box_h = 16, .ofs_x = 0, .ofs_y = -2}, /* U+673A */
    {.bitmap_index = 14235, .adv_w = 256, .box_w = 16, .box_h = 16, .ofs_x = 0, .ofs_y = -2}, /* U+6790 */
    {.bitmap_index = 14363, .adv_w = 256, .box_w = 16, .box_h = 15, .ofs_x = 0, .ofs_y = -2}, /* U+679C */
    {.bitmap_index = 14483, .adv_w = 256, .box_w = 16, .box_h = 15, .ofs_x = 0, .ofs_y = -1}, /* U+67E5 */
    {.bitmap_index = 14603, .adv_w = 256, .box_w = 16, .box_h = 16, .ofs_x = 0, .ofs_y = -2}, /* U+6846 */
    {.bitmap_index = 14731, .adv_w = 256, .box_w = 16, .box_h = 16, .ofs_x = 0, .ofs_y = -2}, /* U+68C0 */
    {.bitmap_index = 14859, .adv_w = 256, .box_w = 16, .box_h = 16, .ofs_x = 0, .ofs_y = -2}, /* U+6A21 */
    {.bitmap_index = 14987, .adv_w = 256, .box_w = 15, .box_h = 16, .ofs_x = 1, .ofs_y = -2}, /* U+6B21 */
    {.bitmap_index = 15107, .adv_w = 256, .box_w = 14, .box_h = 14, .ofs_x = 1, .ofs_y = -1}, /* U+6B63 */
    {.bitmap_index = 15205, .adv_w = 256, .box_w = 16, .box_h = 16, .ofs_x = 0, .ofs_y = -2}, /* U+6B65 */
    {.bitmap_index = 15333, .adv_w = 256, .box_w = 16, .box_h = 15, .ofs_x = 0, .ofs_y = -2}, /* U+6CA1 */
    {.bitmap_index = 15453, .adv_w = 256, .box_w = 16, .box_h = 16, .ofs_x = 0, .ofs_y = -2}, /* U+6CD5 */
    {.bitmap_index = 15581, .adv_w = 256, .box_w = 15, .box_h = 15, .ofs_x = 0, .ofs_y = -2}, /* U+6D4B */
    {.bitmap_index = 15694, .adv_w = 256, .box_w = 16, .box_h = 15, .ofs_x = 0, .ofs_y = -2}, /* U+7136 */
    {.bitmap_index = 15814, .adv_w = 256, .box_w = 14, .box_h = 14, .ofs_x = 1, .ofs_y = -1}, /* U+7167 */
    {.bitmap_index = 15912, .adv_w = 256, .box_w = 14, .box_h = 16, .ofs_x = 1, .ofs_y = -2}, /* U+7247 */
    {.bitmap_index = 16024, .adv_w = 256, .box_w = 16, .box_h = 15, .ofs_x = 0, .ofs_y = -2}, /* U+7259 */
    {.bitmap_index = 16144, .adv_w = 256, .box_w = 16, .box_h = 15, .ofs_x = 0, .ofs_y = -2}, /* U+72B6 */
    {.bitmap_index = 16264, .adv_w = 256, .box_w = 14, .box_h = 15, .ofs_x = 0, .ofs_y = -2}, /* U+7528 */
    {.bitmap_index = 16369, .adv_w = 256, .box_w = 14, .box_h = 16, .ofs_x = 1, .ofs_y = -2}, /* U+7684 */
    {.bitmap_index = 16481, .adv_w = 256, .box_w = 10, .box_h = 15, .ofs_x = 3, .ofs_y = -2}, /* U+76EE */
    {.bitmap_index = 16556, .adv_w = 256, .box_w = 15, .box_h = 15, .ofs_x = 0, .ofs_y = -2}, /* U+76F8 */
    {.bitmap_index = 16669, .adv_w = 256, .box_w = 16, .box_h = 16, .ofs_x = 0, .ofs_y = -2}, /* U+770B */
    {.bitmap_index = 16797, .adv_w = 256, .box_w = 16, .box_h = 15, .ofs_x = 0, .ofs_y = -2}, /* U+7801 */
    {.bitmap_index = 16917, .adv_w = 256, .box_w = 15, .box_h = 16, .ofs_x = 0, .ofs_y = -2}, /* U+786E */
    {.bitmap_index = 17037, .adv_w = 256, .box_w = 16, .box_h = 15, .ofs_x = 0, .ofs_y = -2}, /* U+793A */
    {.bitmap_index = 17157, .adv_w = 256, .box_w = 15, .box_h = 16, .ofs_x = 0, .ofs_y = -2}, /* U+79BB */
    {.bitmap_index = 17277, .adv_w = 256, .box_w = 15, .box_h = 16, .ofs_x = 0, .ofs_y = -2}, /* U+79D2 */
    {.bitmap_index = 17397, .adv_w = 256, .box_w = 16, .box_h = 16, .ofs_x = 0, .ofs_y = -2}, /* U+79F0 */
    {.bitmap_index = 17525, .adv_w = 256, .box_w = 16, .box_h = 15, .ofs_x = 0, .ofs_y = -2}, /* U+7A0B */
    {.bitmap_index = 17645, .adv_w = 256, .box_w = 15, .box_h = 16, .ofs_x = 0, .ofs_y = -2}, /* U+7A0D */
    {.bitmap_index = 17765, .adv_w = 256, .box_w = 15, .box_h = 14, .ofs_x = 1, .ofs_y = -1}, /* U+7A7A */
    {.bitmap_index = 17870, .adv_w = 256, .box_w = 16, .box_h = 16, .ofs_x = 0, .ofs_y = -2}, /* U+7AEF */
    {.bitmap_index = 17998, .adv_w = 256, .box_w = 15, .box_h = 15, .ofs_x = 0, .ofs_y = -2}, /* U+7B2C */
    {.bitmap_index = 18111, .adv_w = 256, .box_w = 16, .box_h = 16, .ofs_x = 0, .ofs_y = -2}, /* U+7B49 */
    {.bitmap_index = 18239, .adv_w = 256, .box_w = 15, .box_h = 16, .ofs_x = 0, .ofs_y = -2}, /* U+7CFB */
    {.bitmap_index = 18359, .adv_w = 256, .box_w = 15, .box_h = 16, .ofs_x = 0, .ofs_y = -2}, /* U+7EBF */
    {.bitmap_index = 18479, .adv_w = 256, .box_w = 15, .box_h = 16, .ofs_x = 0, .ofs_y = -2}, /* U+7ED1 */
    {.bitmap_index = 18599, .adv_w = 256, .box_w = 16, .box_h = 15, .ofs_x = 0, .ofs_y = -2}, /* U+7EDC */
    {.bitmap_index = 18719, .adv_w = 256, .box_w = 16, .box_h = 15, .ofs_x = 0, .ofs_y = -2}, /* U+7EE7 */
    {.bitmap_index = 18839, .adv_w = 256, .box_w = 16, .box_h = 16, .ofs_x = 0, .ofs_y = -2}, /* U+7EED */
    {.bitmap_index = 18967, .adv_w = 256, .box_w = 14, .box_h = 15, .ofs_x = 1, .ofs_y = -2}, /* U+7F51 */
    {.bitmap_index = 19072, .adv_w = 256, .box_w = 16, .box_h = 15, .ofs_x = 0, .ofs_y = -2}, /* U+7F6E */
    {.bitmap_index = 19192, .adv_w = 256, .box_w = 16, .box_h = 16, .ofs_x = 0, .ofs_y = -2}, /* U+8054 */
    {.bitmap_index = 19320, .adv_w = 256, .box_w = 15, .box_h = 16, .ofs_x = 1, .ofs_y = -2}, /* U+80FD */
    {.bitmap_index = 19440, .adv_w = 256, .box_w = 11, .box_h = 16, .ofs_x = 3, .ofs_y = -2}, /* U+81EA */
    {.bitmap_index = 19528, .adv_w = 256, .box_w = 16, .box_h = 15, .ofs_x = 0, .ofs_y = -1}, /* U+84DD */
    {.bitmap_index = 19648, .adv_w = 256, .box_w = 16, .box_h = 15, .ofs_x = 0, .ofs_y = -2}, /* U+884C */
    {.bitmap_index = 19768, .adv_w = 256, .box_w = 16, .box_h = 16, .ofs_x = 0, .ofs_y = -2}, /* U+8868 */
    {.bitmap_index = 19896, .adv_w = 256, .box_w = 16, .box_h = 15, .ofs_x = 0, .ofs_y = -2}, /* U+89E3 */
    {.bitmap_index = 20016, .adv_w = 256, .box_w = 16, .box_h = 15, .ofs_x = 0, .ofs_y = -2}, /* U+8BA4 */
    {.bitmap_index = 20136, .adv_w = 256, .box_w = 16, .box_h = 15, .ofs_x = 0, .ofs_y = -2}, /* U+8BBE */
    {.bitmap_index = 20256, .adv_w = 256, .box_w = 16, .box_h = 15, .ofs_x = 0, .ofs_y = -2}, /* U+8BD5 */
    {.bitmap_index = 20376, .adv_w = 256, .box_w = 16, .box_h = 15, .ofs_x = 0, .ofs_y = -2}, /* U+8BEF */
    {.bitmap_index = 20496, .adv_w = 256, .box_w = 16, .box_h = 16, .ofs_x = 0, .ofs_y = -2}, /* U+8BF7 */
    {.bitmap_index = 20624, .adv_w = 256, .box_w = 16, .box_h = 16, .ofs_x = 0, .ofs_y = -2}, /* U+8D25 */
    {.bitmap_index = 20752, .adv_w = 256, .box_w = 16, .box_h = 16, .ofs_x = 0, .ofs_y = -2}, /* U+8D85 */
    {.bitmap_index = 20880, .adv_w = 256, .box_w = 16, .box_h = 15, .ofs_x = 0, .ofs_y = -2}, /* U+8DB3 */
    {.bitmap_index = 21000, .adv_w = 256, .box_w = 16, .box_h = 15, .ofs_x = 0, .ofs_y = -2}, /* U+8F6E */
    {.bitmap_index = 21120, .adv_w = 256, .box_w = 16, .box_h = 15, .ofs_x = 0, .ofs_y = -2}, /* U+8F7D */
    {.bitmap_index = 21240, .adv_w = 256, .box_w = 16, .box_h = 16, .ofs_x = 0, .ofs_y = -2}, /* U+8F93 */
    {.bitmap_index = 21368, .adv_w = 256, .box_w = 16, .box_h = 15, .ofs_x = 0, .ofs_y = -1}, /* U+8FC7 */
    {.bitmap_index = 21488, .adv_w = 256, .box_w = 16, .box_h = 14, .ofs_x = 0, .ofs_y = -1}, /* U+8FD8 */
    {.bitmap_index = 21600, .adv_w = 256, .box_w = 16, .box_h = 14, .ofs_x = 0, .ofs_y = -1}, /* U+8FD9 */
    {.bitmap_index = 21712, .adv_w = 256, .box_w = 16, .box_h = 15, .ofs_x = 0, .ofs_y = -2}, /* U+8FDB */
    {.bitmap_index = 21832, .adv_w = 256, .box_w = 16, .box_h = 15, .ofs_x = 0, .ofs_y = -1}, /* U+8FDE */
    {.bitmap_index = 21952, .adv_w = 256, .box_w = 16, .box_h = 15, .ofs_x = 0, .ofs_y = -2}, /* U+9009 */
    {.bitmap_index = 22072, .adv_w = 256, .box_w = 16, .box_h = 15, .ofs_x = 0, .ofs_y = -2}, /* U+90E8 */
    {.bitmap_index = 22192, .adv_w = 256, .box_w = 16, .box_h = 15, .ofs_x = 0, .ofs_y = -2}, /* U+914D */
    {.bitmap_index = 22312, .adv_w = 256, .box_w = 16, .box_h = 15, .ofs_x = 0, .ofs_y = -2}, /* U+91CC */
    {.bitmap_index = 22432, .adv_w = 256, .box_w = 16, .box_h = 14, .ofs_x = 0, .ofs_y = -1}, /* U+91CD */
    {.bitmap_index = 22544, .adv_w = 256, .box_w = 16, .box_h = 15, .ofs_x = 0, .ofs_y = -2}, /* U+91CF */
    {.bitmap_index = 22664, .adv_w = 256, .box_w = 15, .box_h = 15, .ofs_x = 0, .ofs_y = -2}, /* U+94A5 */
    {.bitmap_index = 22777, .adv_w = 256, .box_w = 16, .box_h = 15, .ofs_x = 0, .ofs_y = -2}, /* U+9519 */
    {.bitmap_index = 22897, .adv_w = 256, .box_w = 16, .box_h = 15, .ofs_x = 0, .ofs_y = -2}, /* U+957F */
    {.bitmap_index = 23017, .adv_w = 256, .box_w = 14, .box_h = 15, .ofs_x = 1, .ofs_y = -2}, /* U+95F4 */
    {.bitmap_index = 23122, .adv_w = 256, .box_w = 15, .box_h = 15, .ofs_x = 1, .ofs_y = -2}, /* U+9650 */
    {.bitmap_index = 23235, .adv_w = 256, .box_w = 15, .box_h = 16, .ofs_x = 1, .ofs_y = -2}, /* U+9664 */
    {.bitmap_index = 23355, .adv_w = 256, .box_w = 3, .box_h = 12, .ofs_x = 3, .ofs_y = 0}, /* U+FF01 */
    {.bitmap_index = 23373, .adv_w = 256, .box_w = 5, .box_h = 13, .ofs_x = 9, .ofs_y = -1}, /* U+FF08 */
    {.bitmap_index = 23406, .adv_w = 256, .box_w = 5, .box_h = 14, .ofs_x = 2, .ofs_y = -1}, /* U+FF09 */
    {.bitmap_index = 23441, .adv_w = 256, .box_w = 3, .box_h = 5, .ofs_x = 2, .ofs_y = -1}, /* U+FF0C */
    {.bitmap_index = 23449, .adv_w = 256, .box_w = 3, .box_h = 7, .ofs_x = 2, .ofs_y = -1}, /* U+FF1A */
    {.bitmap_index = 23460, .adv_w = 256, .box_w = 3, .box_h = 8, .ofs_x = 2, .ofs_y = -2}, /* U+FF1B */
    {.bitmap_index = 23472, .adv_w = 256, .box_w = 6, .box_h = 12, .ofs_x = 2, .ofs_y = 0}, /* U+FF1F */
};

static const uint16_t unicode_list_0[] = {
    0x0000, 0x0001, 0x0002, 0x0003, 0x0004, 0x0005, 0x0006, 0x0007, 0x0008, 0x0009, 0x000a, 0x000b,
    0x000c, 0x000d, 0x000e, 0x000f, 0x0010, 0x0011, 0x0012, 0x0013, 0x0014, 0x0015, 0x0016, 0x0017,
    0x0018, 0x0019, 0x001a, 0x001b, 0x001c, 0x001d, 0x001e, 0x001f, 0x0020, 0x0021, 0x0022, 0x0023,
    0x0024, 0x0025, 0x0026, 0x0027, 0x0028, 0x0029, 0x002a, 0x002b, 0x002c, 0x002d, 0x002e, 0x002f,
    0x0030, 0x0031, 0x0032, 0x0033, 0x0034, 0x0035, 0x0036, 0x0037, 0x0038, 0x0039, 0x003a, 0x003b,
    0x003c, 0x003d, 0x003e, 0x003f, 0x0040, 0x0041, 0x0042, 0x0043, 0x0044, 0x0045, 0x0046, 0x0047,
    0x0048, 0x0049, 0x004a, 0x004b, 0x004c, 0x004d, 0x004e, 0x004f, 0x0050, 0x0051, 0x0052, 0x0053,
    0x0054, 0x0055, 0x0056, 0x0057, 0x0058, 0x0059, 0x005a, 0x005b, 0x005c, 0x005d, 0x005e, 0x1ffc,
    0x1ffd, 0x2fe1, 0x2fe2, 0x2fea, 0x2feb, 0x2ff0, 0x2ff1, 0x4de0, 0x4dea, 0x4deb, 0x4ded, 0x4e0a,
    0x4e0d, 0x4e2b, 0x4e71, 0x4ea5, 0x4ec5, 0x4edb, 0x4efa, 0x4f00, 0x4f3c, 0x4f40, 0x4fbd, 0x4fc1,
    0x5128, 0x5145, 0x5165, 0x516c, 0x5179, 0x51e6, 0x51f7, 0x5200, 0x5210, 0x522d, 0x527f, 0x5281,
    0x5288, 0x5341, 0x53b8, 0x53ca, 0x53cf, 0x53d0, 0x53ec, 0x53ed, 0x53ee, 0x540f, 0x546c, 0x550e,
    0x56da, 0x56de, 0x5708, 0x5710, 0x5720, 0x58e7, 0x5911, 0x5962, 0x59ab, 0x5b38, 0x5b6c, 0x5b7a,
    0x5ba6, 0x5dd2, 0x5e56, 0x5e6f, 0x5ee0, 0x5eef, 0x5f00, 0x5f33, 0x5f35, 0x5f65, 0x5fe1, 0x604f,
    0x61f0, 0x61f6, 0x622b, 0x6233, 0x625e, 0x62c9, 0x62e1, 0x62e2, 0x62e9, 0x6385, 0x63b2, 0x648d,
    0x64ad, 0x650f, 0x6516, 0x651e, 0x6550, 0x6590, 0x65c0, 0x65d6, 0x661e, 0x665a, 0x6662, 0x66d4,
    0x66e9, 0x670a, 0x670c, 0x671a, 0x6770, 0x677c, 0x67c5, 0x6826, 0x68a0, 0x6a01, 0x6b01, 0x6b43,
    0x6b45, 0x6c81, 0x6cb5, 0x6d2b, 0x7116, 0x7147, 0x7227, 0x7239, 0x7296, 0x7508, 0x7664, 0x76ce,
    0x76d8, 0x76eb, 0x77e1, 0x784e, 0x791a, 0x799b, 0x79b2, 0x79d0, 0x79eb, 0x79ed, 0x7a5a, 0x7acf,
    0x7b0c, 0x7b29, 0x7cdb, 0x7e9f, 0x7eb1, 0x7ebc, 0x7ec7, 0x7ecd, 0x7f31, 0x7f4e, 0x8034, 0x80dd,
    0x81ca, 0x84bd, 0x882c, 0x8848, 0x89c3, 0x8b84, 0x8b9e, 0x8bb5, 0x8bcf, 0x8bd7, 0x8d05, 0x8d65,
    0x8d93, 0x8f4e, 0x8f5d, 0x8f73, 0x8fa7, 0x8fb8, 0x8fb9, 0x8fbb, 0x8fbe, 0x8fe9, 0x90c8, 0x912d,
    0x91ac, 0x91ad, 0x91af, 0x9485, 0x94f9, 0x955f, 0x95d4, 0x9630, 0x9644, 0xfee1, 0xfee8, 0xfee9,
    0xfeec, 0xfefa, 0xfefb, 0xfeff
};

static const lv_font_fmt_txt_cmap_t cmaps[] = {
    {
        .range_start = 32, .range_length = 65280, .glyph_id_start = 1,
        .unicode_list = unicode_list_0, .glyph_id_ofs_list = NULL, .list_length = 280, .type = LV_FONT_FMT_TXT_CMAP_SPARSE_TINY
    }
};

#if LV_VERSION_CHECK(8, 0, 0)
static lv_font_fmt_txt_glyph_cache_t cache;
static const lv_font_fmt_txt_dsc_t font_dsc = {
#else
static lv_font_fmt_txt_dsc_t font_dsc = {
#endif
    .glyph_bitmap = glyph_bitmap,
    .glyph_dsc = glyph_dsc,
    .cmaps = cmaps,
    .kern_dsc = NULL,
    .kern_scale = 0,
    .cmap_num = 1,
    .bpp = 4,
    .kern_classes = 0,
    .bitmap_format = 0,
#if LV_VERSION_CHECK(8, 0, 0)
    .cache = &cache
#endif
};

#if LV_VERSION_CHECK(8, 0, 0)
const lv_font_t lv_font_photo_zh_16 = {
#else
lv_font_t lv_font_photo_zh_16 = {
#endif
    .get_glyph_dsc = lv_font_get_glyph_dsc_fmt_txt,
    .get_glyph_bitmap = lv_font_get_bitmap_fmt_txt,
    .line_height = 19,
    .base_line = 3,
#if !(LVGL_VERSION_MAJOR == 6 && LVGL_VERSION_MINOR == 0)
    .subpx = LV_FONT_SUBPX_NONE,
#endif
#if LV_VERSION_CHECK(7, 4, 0) || LVGL_VERSION_MAJOR >= 8
    .underline_position = -2,
    .underline_thickness = 1,
#endif
    .dsc = &font_dsc,
#if LV_FONT_SIMSUN_16_CJK
    .fallback = &lv_font_simsun_16_cjk
#else
    .fallback = NULL
#endif
};

#endif /* LV_FONT_PHOTO_ZH_16 */
